source_system,source_record_id,cost_centre_code,vendor_code,period,transaction_date,invoice_number,amount,approval_status,description
ERP,ERP-000001,FIN-01,V001,2025-01-01,2025-01-25,INV-202501-000001,39240.33,PENDING,Office and facility services
ERP,ERP-000002,FIN-01,V030,2025-01-01,2025-01-21,INV-202501-000002,18588.27,PENDING,Travel and accommodation
ERP,ERP-000003,FIN-01,V030,2025-01-01,2025-01-07,INV-202501-000003,11755.14,PENDING,Recruitment services
ERP,ERP-000004,FIN-01,V012,2025-01-01,2025-01-30,INV-202501-000004,7916.37,APPROVED,Office and facility services
ERP,ERP-000005,FIN-01,V011,2025-01-01,2025-01-23,INV-202501-000005,1743.05,REJECTED,Professional services
ERP,ERP-000006,FIN-01,V001,2025-01-01,2025-01-14,INV-202501-000006,11461.64,APPROVED,Software subscription
ERP,ERP-000007,FIN-01,V004,2025-02-01,2025-02-24,INV-202502-000007,14616.27,APPROVED,Security assessment
ERP,ERP-000008,FIN-01,V014,2025-02-01,2025-02-07,INV-202502-000008,2859.96,APPROVED,Cloud infrastructure usage
ERP,ERP-000009,FIN-01,V003,2025-02-01,2025-02-09,INV-202502-000009,5193.29,APPROVED,Recruitment services
ERP,ERP-000010,FIN-01,V025,2025-02-01,2025-02-04,INV-202502-000010,18727.81,PENDING,Software subscription
ERP,ERP-000011,FIN-01,V027,2025-02-01,2025-02-12,INV-202502-000011,1269.86,APPROVED,Training and certification
ERP,ERP-000012,FIN-01,V014,2025-02-01,2025-02-16,INV-202502-000012,8444.31,APPROVED,Travel and accommodation
ERP,ERP-000013,FIN-01,V023,2025-02-01,2025-02-14,INV-202502-000013,30971.62,APPROVED,Cloud infrastructure usage
ERP,ERP-000014,FIN-01,V019,2025-02-01,2025-02-15,INV-202502-000014,1484.61,APPROVED,Training and certification
ERP,ERP-000015,FIN-01,V013,2025-02-01,2025-02-16,INV-202502-000015,13720.65,APPROVED,Travel and accommodation
ERP,ERP-000016,FIN-01,V005,2025-03-01,2025-03-11,INV-202503-000016,16989.15,APPROVED,Travel and accommodation
ERP,ERP-000017,FIN-01,V025,2025-03-01,2025-03-30,INV-202503-000017,26457.34,APPROVED,Security assessment
ERP,ERP-000018,FIN-01,V028,2025-03-01,2025-03-12,INV-202503-000018,16823.23,APPROVED,Security assessment
ERP,ERP-000019,FIN-01,V030,2025-03-01,2025-03-20,INV-202503-000019,7592.90,APPROVED,Professional services
ERP,ERP-000020,FIN-01,V021,2025-03-01,2025-03-30,INV-202503-000020,2573.64,REJECTED,Security assessment
ERP,ERP-000021,FIN-01,V012,2025-03-01,2025-03-18,INV-202503-000021,25336.62,APPROVED,Marketing campaign services
ERP,ERP-000022,FIN-01,V028,2025-03-01,2025-03-14,INV-202503-000022,2358.61,APPROVED,Training and certification
ERP,ERP-000023,FIN-01,V029,2025-03-01,2025-03-25,INV-202503-000023,8333.26,APPROVED,Security assessment
ERP,ERP-000024,FIN-01,V010,2025-04-01,2025-04-06,INV-202504-000024,6634.38,PENDING,Software subscription
ERP,ERP-000025,FIN-01,V026,2025-04-01,2025-04-20,INV-202504-000025,34581.13,APPROVED,Software subscription
ERP,ERP-000026,FIN-01,V009,2025-04-01,2025-04-06,INV-202504-000026,9572.06,PENDING,Professional services
ERP,ERP-000027,FIN-01,V004,2025-04-01,2025-04-06,INV-202504-000027,9300.85,APPROVED,Cloud infrastructure usage
ERP,ERP-000028,FIN-01,V018,2025-04-01,2025-04-07,INV-202504-000028,22015.82,APPROVED,Security assessment
ERP,ERP-000029,FIN-01,V017,2025-04-01,2025-04-10,INV-202504-000029,3500.08,APPROVED,Travel and accommodation
ERP,ERP-000030,FIN-01,V003,2025-05-01,2025-05-02,INV-202505-000030,5863.73,APPROVED,Cloud infrastructure usage
ERP,ERP-000031,FIN-01,V020,2025-05-01,2025-05-31,INV-202505-000031,7697.68,APPROVED,Professional services
ERP,ERP-000032,FIN-01,V004,2025-05-01,2025-05-12,INV-202505-000032,3626.86,APPROVED,Data and research subscription
ERP,ERP-000033,FIN-01,V025,2025-05-01,2025-05-09,INV-202505-000033,28834.85,APPROVED,Data and research subscription
ERP,ERP-000034,FIN-01,V013,2025-05-01,2025-05-22,INV-202505-000034,22228.09,APPROVED,Training and certification
ERP,ERP-000035,FIN-01,V030,2025-05-01,2025-05-05,INV-202505-000035,43342.59,APPROVED,Training and certification
ERP,ERP-000036,FIN-01,V005,2025-05-01,2025-05-26,INV-202505-000036,13300.64,PENDING,Office and facility services
ERP,ERP-000037,FIN-01,V008,2025-06-01,2025-06-30,INV-202506-000037,18548.99,APPROVED,Cloud infrastructure usage
ERP,ERP-000038,FIN-01,V019,2025-06-01,2025-06-04,INV-202506-000038,41645.77,APPROVED,Marketing campaign services
ERP,ERP-000039,FIN-01,V008,2025-06-01,2025-06-06,INV-202506-000039,8505.66,APPROVED,Recruitment services
ERP,ERP-000040,FIN-01,V020,2025-06-01,2025-06-29,INV-202506-000040,61733.47,PENDING,Security assessment
ERP,ERP-000041,FIN-01,V022,2025-06-01,2025-06-17,INV-202506-000041,2357.89,APPROVED,Travel and accommodation
ERP,ERP-000042,FIN-01,V028,2025-07-01,2025-07-31,INV-202507-000042,538.27,APPROVED,Software subscription
ERP,ERP-000043,FIN-01,V027,2025-07-01,2025-07-26,INV-202507-000043,14817.39,APPROVED,Cloud infrastructure usage
ERP,ERP-000044,FIN-01,V006,2025-07-01,2025-07-10,INV-202507-000044,22408.31,REJECTED,Cloud infrastructure usage
ERP,ERP-000045,FIN-01,V008,2025-07-01,2025-07-28,INV-202507-000045,52287.04,PENDING,Training and certification
ERP,ERP-000046,FIN-01,V014,2025-07-01,2025-07-12,INV-202507-000046,6217.68,APPROVED,Software subscription
ERP,ERP-000047,FIN-01,V008,2025-07-01,2025-07-29,INV-202507-000047,20870.51,REJECTED,Cloud infrastructure usage
ERP,ERP-000048,FIN-01,V014,2025-08-01,2025-08-04,INV-202508-000048,26065.06,PENDING,Travel and accommodation
ERP,ERP-000049,FIN-01,V025,2025-08-01,2025-08-19,INV-202508-000049,14884.95,APPROVED,Professional services
ERP,ERP-000050,FIN-01,V013,2025-08-01,2025-08-05,INV-202508-000050,5312.65,APPROVED,Office and facility services
ERP,ERP-000051,FIN-01,V001,2025-08-01,2025-08-20,INV-202508-000051,26472.98,APPROVED,Recruitment services
ERP,ERP-000052,FIN-01,V025,2025-08-01,2025-08-15,INV-202508-000052,13395.13,APPROVED,Software subscription
ERP,ERP-000053,FIN-01,V026,2025-08-01,2025-08-16,INV-202508-000053,18714.12,APPROVED,Marketing campaign services
ERP,ERP-000054,FIN-01,V018,2025-09-01,2025-09-14,INV-202509-000054,48498.74,APPROVED,Training and certification
ERP,ERP-000055,FIN-01,V028,2025-09-01,2025-09-03,INV-202509-000055,37946.30,APPROVED,Office and facility services
ERP,ERP-000056,FIN-01,V007,2025-09-01,2025-09-24,INV-202509-000056,30366.13,PENDING,Office and facility services
ERP,ERP-000057,FIN-01,V010,2025-09-01,2025-09-28,INV-202509-000057,22438.57,REJECTED,Marketing campaign services
ERP,ERP-000058,FIN-01,V007,2025-09-01,2025-09-11,INV-202509-000058,7823.17,APPROVED,Travel and accommodation
ERP,ERP-000059,FIN-01,V001,2025-10-01,2025-10-11,INV-202510-000059,17389.84,APPROVED,Office and facility services
ERP,ERP-000060,FIN-01,V028,2025-10-01,2025-10-01,INV-202510-000060,16278.83,REJECTED,Travel and accommodation
ERP,ERP-000061,FIN-01,V006,2025-10-01,2025-10-29,INV-202510-000061,9093.37,APPROVED,Marketing campaign services
ERP,ERP-000062,FIN-01,V004,2025-10-01,2025-10-03,INV-202510-000062,32517.73,APPROVED,Security assessment
ERP,ERP-000063,FIN-01,V027,2025-10-01,2025-10-28,INV-202510-000063,7173.98,APPROVED,Training and certification
ERP,ERP-000064,FIN-01,V027,2025-10-01,2025-10-25,INV-202510-000064,14556.79,APPROVED,Marketing campaign services
ERP,ERP-000065,FIN-01,V018,2025-10-01,2025-10-18,INV-202510-000065,6261.29,APPROVED,Office and facility services
ERP,ERP-000066,FIN-01,V020,2025-10-01,2025-10-20,INV-202510-000066,43590.17,APPROVED,Data and research subscription
ERP,ERP-000067,FIN-01,V016,2025-11-01,2025-11-11,INV-202511-000067,17052.31,APPROVED,Cloud infrastructure usage
ERP,ERP-000068,FIN-01,V007,2025-11-01,2025-11-06,INV-202511-000068,33444.95,PENDING,Training and certification
ERP,ERP-000069,FIN-01,V019,2025-11-01,2025-11-12,INV-202511-000069,8331.79,APPROVED,Travel and accommodation
ERP,ERP-000070,FIN-01,V007,2025-11-01,2025-11-15,INV-202511-000070,757.75,APPROVED,Travel and accommodation
ERP,ERP-000071,FIN-01,V028,2025-11-01,2025-11-23,INV-202511-000071,859.62,APPROVED,Marketing campaign services
ERP,ERP-000072,FIN-01,V017,2025-11-01,2025-11-21,INV-202511-000072,8993.22,APPROVED,Professional services
ERP,ERP-000073,FIN-01,V023,2025-11-01,2025-11-22,INV-202511-000073,1172.43,APPROVED,Data and research subscription
ERP,ERP-000074,FIN-01,V013,2025-11-01,2025-11-25,INV-202511-000074,19186.17,PENDING,Recruitment services
ERP,ERP-000075,FIN-01,V023,2025-11-01,2025-11-28,INV-202511-000075,11060.58,APPROVED,Training and certification
ERP,ERP-000076,FIN-01,V028,2025-11-01,2025-11-17,INV-202511-000076,2940.83,APPROVED,Security assessment
ERP,ERP-000077,FIN-01,V017,2025-11-01,2025-11-02,INV-202511-000077,13964.87,APPROVED,Marketing campaign services
ERP,ERP-000078,FIN-01,V003,2025-12-01,2025-12-22,INV-202512-000078,5502.54,APPROVED,Marketing campaign services
ERP,ERP-000079,FIN-01,V012,2025-12-01,2025-12-22,INV-202512-000079,37647.72,REJECTED,Data and research subscription
ERP,ERP-000080,FIN-01,V024,2025-12-01,2025-12-06,INV-202512-000080,16947.22,APPROVED,Travel and accommodation
ERP,ERP-000081,FIN-01,V004,2025-12-01,2025-12-13,INV-202512-000081,31108.00,APPROVED,Cloud infrastructure usage
ERP,ERP-000082,FIN-01,V025,2025-12-01,2025-12-22,INV-202512-000082,7878.98,APPROVED,Training and certification
ERP,ERP-000083,FIN-01,V020,2025-12-01,2025-12-17,INV-202512-000083,3993.17,APPROVED,Training and certification
ERP,ERP-000084,FIN-01,V023,2025-12-01,2025-12-19,INV-202512-000084,18471.62,PENDING,Training and certification
ERP,ERP-000085,FIN-02,V017,2025-01-01,2025-01-25,INV-202501-000085,1709.39,APPROVED,Software subscription
ERP,ERP-000086,FIN-02,V021,2025-01-01,2025-01-27,INV-202501-000086,12001.80,APPROVED,Marketing campaign services
ERP,ERP-000087,FIN-02,V010,2025-01-01,2025-01-05,INV-202501-000087,17031.10,PENDING,Travel and accommodation
ERP,ERP-000088,FIN-02,V001,2025-01-01,2025-01-24,INV-202501-000088,15836.82,PENDING,Marketing campaign services
ERP,ERP-000089,FIN-02,V026,2025-01-01,2025-01-09,INV-202501-000089,3546.90,APPROVED,Travel and accommodation
ERP,ERP-000090,FIN-02,V017,2025-01-01,2025-01-04,INV-202501-000090,10851.78,REJECTED,Marketing campaign services
ERP,ERP-000091,FIN-02,V005,2025-01-01,2025-01-07,INV-202501-000091,22697.55,APPROVED,Professional services
ERP,ERP-000092,FIN-02,V023,2025-01-01,2025-01-20,INV-202501-000092,7894.75,APPROVED,Training and certification
ERP,ERP-000093,FIN-02,V015,2025-01-01,2025-01-07,INV-202501-000093,866.09,PENDING,Recruitment services
ERP,ERP-000094,FIN-02,V023,2025-01-01,2025-01-10,INV-202501-000094,6355.00,APPROVED,Training and certification
ERP,ERP-000095,FIN-02,V011,2025-02-01,2025-02-23,INV-202502-000095,31466.67,REJECTED,Software subscription
ERP,ERP-000096,FIN-02,V008,2025-02-01,2025-02-16,INV-202502-000096,684.27,APPROVED,Data and research subscription
ERP,ERP-000097,FIN-02,V021,2025-02-01,2025-02-20,INV-202502-000097,44244.62,REJECTED,Office and facility services
ERP,ERP-000098,FIN-02,V004,2025-02-01,2025-02-26,INV-202502-000098,4869.41,APPROVED,Security assessment
ERP,ERP-000099,FIN-02,V002,2025-02-01,2025-02-17,INV-202502-000099,22577.96,PENDING,Professional services
ERP,ERP-000100,FIN-02,V010,2025-03-01,2025-03-31,INV-202503-000100,23070.59,REJECTED,Software subscription
ERP,ERP-000101,FIN-02,V016,2025-03-01,2025-03-19,INV-202503-000101,3170.00,APPROVED,Marketing campaign services
ERP,ERP-000102,FIN-02,V009,2025-03-01,2025-03-26,INV-202503-000102,24231.79,APPROVED,Office and facility services
ERP,ERP-000103,FIN-02,V010,2025-03-01,2025-03-22,INV-202503-000103,4930.98,PENDING,Cloud infrastructure usage
ERP,ERP-000104,FIN-02,V020,2025-03-01,2025-03-28,INV-202503-000104,19596.73,APPROVED,Training and certification
ERP,ERP-000105,FIN-02,V003,2025-03-01,2025-03-08,INV-202503-000105,10120.79,APPROVED,Office and facility services
ERP,ERP-000106,FIN-02,V013,2025-03-01,2025-03-03,INV-202503-000106,7146.87,APPROVED,Travel and accommodation
ERP,ERP-000107,FIN-02,V007,2025-03-01,2025-03-16,INV-202503-000107,500.00,APPROVED,Marketing campaign services
ERP,ERP-000108,FIN-02,V022,2025-03-01,2025-03-01,INV-202503-000108,13686.26,APPROVED,Training and certification
ERP,ERP-000109,FIN-02,V014,2025-04-01,2025-04-01,INV-202504-000109,10383.70,APPROVED,Marketing campaign services
ERP,ERP-000110,FIN-02,V022,2025-04-01,2025-04-12,INV-202504-000110,18580.65,APPROVED,Travel and accommodation
ERP,ERP-000111,FIN-02,V027,2025-04-01,2025-04-27,INV-202504-000111,19514.50,APPROVED,Travel and accommodation
ERP,ERP-000112,FIN-02,V017,2025-04-01,2025-04-17,INV-202504-000112,20165.10,PENDING,Security assessment
ERP,ERP-000113,FIN-02,V026,2025-04-01,2025-04-06,INV-202504-000113,27860.61,APPROVED,Professional services
ERP,ERP-000114,FIN-02,V023,2025-05-01,2025-05-01,INV-202505-000114,9843.87,PENDING,Travel and accommodation
ERP,ERP-000115,FIN-02,V004,2025-05-01,2025-05-22,INV-202505-000115,9270.94,REJECTED,Data and research subscription
ERP,ERP-000116,FIN-02,V030,2025-05-01,2025-05-31,INV-202505-000116,2984.61,PENDING,Professional services
ERP,ERP-000117,FIN-02,V009,2025-05-01,2025-05-10,INV-202505-000117,9994.19,APPROVED,Training and certification
ERP,ERP-000118,FIN-02,V010,2025-05-01,2025-05-21,INV-202505-000118,6088.48,REJECTED,Travel and accommodation
ERP,ERP-000119,FIN-02,V007,2025-05-01,2025-05-24,INV-202505-000119,10512.67,APPROVED,Software subscription
ERP,ERP-000120,FIN-02,V007,2025-05-01,2025-05-01,INV-202505-000120,43116.29,APPROVED,Marketing campaign services
ERP,ERP-000121,FIN-02,V029,2025-05-01,2025-05-05,INV-202505-000121,1975.28,APPROVED,Recruitment services
ERP,ERP-000122,FIN-02,V003,2025-05-01,2025-05-17,INV-202505-000122,4232.83,APPROVED,Training and certification
ERP,ERP-000123,FIN-02,V012,2025-05-01,2025-05-18,INV-202505-000123,6666.25,APPROVED,Security assessment
ERP,ERP-000124,FIN-02,V026,2025-06-01,2025-06-18,INV-202506-000124,20464.93,APPROVED,Travel and accommodation
ERP,ERP-000125,FIN-02,V015,2025-06-01,2025-06-10,INV-202506-000125,14634.28,APPROVED,Security assessment
ERP,ERP-000126,FIN-02,V003,2025-06-01,2025-06-04,INV-202506-000126,4147.35,APPROVED,Training and certification
ERP,ERP-000127,FIN-02,V004,2025-06-01,2025-06-09,INV-202506-000127,8858.44,APPROVED,Software subscription
ERP,ERP-000128,FIN-02,V007,2025-06-01,2025-06-03,INV-202506-000128,12020.05,APPROVED,Data and research subscription
ERP,ERP-000129,FIN-02,V012,2025-06-01,2025-06-06,INV-202506-000129,14758.97,APPROVED,Data and research subscription
ERP,ERP-000130,FIN-02,V021,2025-06-01,2025-06-04,INV-202506-000130,5222.09,APPROVED,Travel and accommodation
ERP,ERP-000131,FIN-02,V021,2025-06-01,2025-06-16,INV-202506-000131,6698.22,APPROVED,Professional services
ERP,ERP-000132,FIN-02,V027,2025-06-01,2025-06-22,INV-202506-000132,5265.44,APPROVED,Office and facility services
ERP,ERP-000133,FIN-02,V010,2025-06-01,2025-06-12,INV-202506-000133,3030.30,APPROVED,Recruitment services
ERP,ERP-000134,FIN-02,V023,2025-07-01,2025-07-22,INV-202507-000134,13324.72,APPROVED,Office and facility services
ERP,ERP-000135,FIN-02,V027,2025-07-01,2025-07-13,INV-202507-000135,3349.19,REJECTED,Recruitment services
ERP,ERP-000136,FIN-02,V013,2025-07-01,2025-07-02,INV-202507-000136,23801.89,APPROVED,Security assessment
ERP,ERP-000137,FIN-02,V007,2025-07-01,2025-07-12,INV-202507-000137,38501.95,PENDING,Professional services
ERP,ERP-000138,FIN-02,V030,2025-07-01,2025-07-17,INV-202507-000138,10376.20,REJECTED,Travel and accommodation
ERP,ERP-000139,FIN-02,V025,2025-08-01,2025-08-03,INV-202508-000139,8920.98,APPROVED,Software subscription
ERP,ERP-000140,FIN-02,V024,2025-08-01,2025-08-11,INV-202508-000140,9008.05,APPROVED,Travel and accommodation
ERP,ERP-000141,FIN-02,V012,2025-08-01,2025-08-24,INV-202508-000141,3314.99,APPROVED,Cloud infrastructure usage
ERP,ERP-000142,FIN-02,V017,2025-08-01,2025-08-05,INV-202508-000142,5235.34,APPROVED,Cloud infrastructure usage
ERP,ERP-000143,FIN-02,V005,2025-08-01,2025-08-19,INV-202508-000143,11454.33,APPROVED,Cloud infrastructure usage
ERP,ERP-000144,FIN-02,V017,2025-08-01,2025-08-06,INV-202508-000144,21674.36,REJECTED,Data and research subscription
ERP,ERP-000145,FIN-02,V017,2025-08-01,2025-08-15,INV-202508-000145,2982.50,PENDING,Marketing campaign services
ERP,ERP-000146,FIN-02,V018,2025-08-01,2025-08-12,INV-202508-000146,10606.31,APPROVED,Professional services
ERP,ERP-000147,FIN-02,V016,2025-08-01,2025-08-13,INV-202508-000147,18570.37,APPROVED,Travel and accommodation
ERP,ERP-000148,FIN-02,V003,2025-08-01,2025-08-31,INV-202508-000148,2963.79,APPROVED,Marketing campaign services
ERP,ERP-000149,FIN-02,V009,2025-08-01,2025-08-12,INV-202508-000149,2543.84,APPROVED,Office and facility services
ERP,ERP-000150,FIN-02,V007,2025-09-01,2025-09-03,INV-202509-000150,60354.97,REJECTED,Cloud infrastructure usage
ERP,ERP-000151,FIN-02,V023,2025-09-01,2025-09-20,INV-202509-000151,11889.28,APPROVED,Professional services
ERP,ERP-000152,FIN-02,V011,2025-09-01,2025-09-16,INV-202509-000152,35031.83,APPROVED,Marketing campaign services
ERP,ERP-000153,FIN-02,V027,2025-09-01,2025-09-29,INV-202509-000153,2873.15,APPROVED,Travel and accommodation
ERP,ERP-000154,FIN-02,V015,2025-09-01,2025-09-21,INV-202509-000154,14762.06,APPROVED,Marketing campaign services
ERP,ERP-000155,FIN-02,V020,2025-10-01,2025-10-27,INV-202510-000155,10312.28,APPROVED,Travel and accommodation
ERP,ERP-000156,FIN-02,V018,2025-10-01,2025-10-31,INV-202510-000156,7569.58,APPROVED,Marketing campaign services
ERP,ERP-000157,FIN-02,V004,2025-10-01,2025-10-28,INV-202510-000157,7685.11,APPROVED,Data and research subscription
ERP,ERP-000158,FIN-02,V022,2025-10-01,2025-10-20,INV-202510-000158,8739.69,APPROVED,Training and certification
ERP,ERP-000159,FIN-02,V012,2025-10-01,2025-10-08,INV-202510-000159,30317.41,APPROVED,Office and facility services
ERP,ERP-000160,FIN-02,V018,2025-10-01,2025-10-14,INV-202510-000160,19987.86,APPROVED,Software subscription
ERP,ERP-000161,FIN-02,V010,2025-11-01,2025-11-26,INV-202511-000161,19770.09,APPROVED,Training and certification
ERP,ERP-000162,FIN-02,V013,2025-11-01,2025-11-22,INV-202511-000162,14344.77,APPROVED,Cloud infrastructure usage
ERP,ERP-000163,FIN-02,V029,2025-11-01,2025-11-08,INV-202511-000163,509.95,APPROVED,Training and certification
ERP,ERP-000164,FIN-02,V025,2025-11-01,2025-11-07,INV-202511-000164,28789.54,APPROVED,Software subscription
ERP,ERP-000165,FIN-02,V020,2025-11-01,2025-11-16,INV-202511-000165,35706.38,PENDING,Software subscription
ERP,ERP-000166,FIN-02,V023,2025-12-01,2025-12-29,INV-202512-000166,12031.61,APPROVED,Recruitment services
ERP,ERP-000167,FIN-02,V008,2025-12-01,2025-12-13,INV-202512-000167,17373.09,APPROVED,Professional services
ERP,ERP-000168,FIN-02,V027,2025-12-01,2025-12-15,INV-202512-000168,23515.30,PENDING,Training and certification
ERP,ERP-000169,FIN-02,V019,2025-12-01,2025-12-14,INV-202512-000169,13464.56,APPROVED,Data and research subscription
ERP,ERP-000170,FIN-02,V006,2025-12-01,2025-12-28,INV-202512-000170,14210.69,APPROVED,Travel and accommodation
ERP,ERP-000171,FIN-02,V015,2025-12-01,2025-12-21,INV-202512-000171,31344.06,APPROVED,Security assessment
ERP,ERP-000172,FIN-02,V018,2025-12-01,2025-12-24,INV-202512-000172,12681.00,APPROVED,Software subscription
ERP,ERP-000173,FIN-03,V012,2025-01-01,2025-01-02,INV-202501-000173,35421.34,APPROVED,Software subscription
ERP,ERP-000174,FIN-03,V021,2025-01-01,2025-01-16,INV-202501-000174,15587.45,APPROVED,Office and facility services
ERP,ERP-000175,FIN-03,V011,2025-01-01,2025-01-24,INV-202501-000175,39535.64,APPROVED,Data and research subscription
ERP,ERP-000176,FIN-03,V007,2025-01-01,2025-01-24,INV-202501-000176,34304.46,PENDING,Data and research subscription
ERP,ERP-000177,FIN-03,V002,2025-01-01,2025-01-31,INV-202501-000177,4617.84,APPROVED,Security assessment
ERP,ERP-000178,FIN-03,V026,2025-02-01,2025-02-25,INV-202502-000178,16924.67,PENDING,Software subscription
ERP,ERP-000179,FIN-03,V008,2025-02-01,2025-02-12,INV-202502-000179,4648.81,APPROVED,Software subscription
ERP,ERP-000180,FIN-03,V009,2025-02-01,2025-02-27,INV-202502-000180,7194.13,APPROVED,Professional services
ERP,ERP-000181,FIN-03,V016,2025-02-01,2025-02-22,INV-202502-000181,45017.26,APPROVED,Security assessment
ERP,ERP-000182,FIN-03,V007,2025-02-01,2025-02-01,INV-202502-000182,3575.58,APPROVED,Recruitment services
ERP,ERP-000183,FIN-03,V030,2025-02-01,2025-02-27,INV-202502-000183,15786.28,APPROVED,Travel and accommodation
ERP,ERP-000184,FIN-03,V011,2025-02-01,2025-02-23,INV-202502-000184,9873.98,APPROVED,Security assessment
ERP,ERP-000185,FIN-03,V001,2025-02-01,2025-02-03,INV-202502-000185,35319.94,APPROVED,Travel and accommodation
ERP,ERP-000186,FIN-03,V004,2025-03-01,2025-03-19,INV-202503-000186,12575.40,APPROVED,Software subscription
ERP,ERP-000187,FIN-03,V009,2025-03-01,2025-03-23,INV-202503-000187,25001.36,PENDING,Office and facility services
ERP,ERP-000188,FIN-03,V007,2025-03-01,2025-03-15,INV-202503-000188,40171.65,PENDING,Cloud infrastructure usage
ERP,ERP-000189,FIN-03,V022,2025-03-01,2025-03-10,INV-202503-000189,57862.19,APPROVED,Office and facility services
ERP,ERP-000190,FIN-03,V027,2025-03-01,2025-03-18,INV-202503-000190,17223.85,APPROVED,Training and certification
ERP,ERP-000191,FIN-03,V023,2025-04-01,2025-04-14,INV-202504-000191,12514.17,APPROVED,Data and research subscription
ERP,ERP-000192,FIN-03,V012,2025-04-01,2025-04-04,INV-202504-000192,10610.62,APPROVED,Marketing campaign services
ERP,ERP-000193,FIN-03,V002,2025-04-01,2025-04-29,INV-202504-000193,9193.55,REJECTED,Training and certification
ERP,ERP-000194,FIN-03,V009,2025-04-01,2025-04-04,INV-202504-000194,56418.86,APPROVED,Recruitment services
ERP,ERP-000195,FIN-03,V024,2025-04-01,2025-04-09,INV-202504-000195,13005.52,APPROVED,Cloud infrastructure usage
ERP,ERP-000196,FIN-03,V022,2025-04-01,2025-04-17,INV-202504-000196,3704.60,APPROVED,Professional services
ERP,ERP-000197,FIN-03,V012,2025-04-01,2025-04-13,INV-202504-000197,14711.47,APPROVED,Office and facility services
ERP,ERP-000198,FIN-03,V025,2025-04-01,2025-04-08,INV-202504-000198,13270.03,APPROVED,Marketing campaign services
ERP,ERP-000199,FIN-03,V027,2025-04-01,2025-04-14,INV-202504-000199,13685.19,APPROVED,Office and facility services
ERP,ERP-000200,FIN-03,V025,2025-04-01,2025-04-24,INV-202504-000200,21181.01,APPROVED,Recruitment services
ERP,ERP-000201,FIN-03,V020,2025-05-01,2025-05-19,INV-202505-000201,48615.88,PENDING,Training and certification
ERP,ERP-000202,FIN-03,V029,2025-05-01,2025-05-02,INV-202505-000202,3984.17,APPROVED,Cloud infrastructure usage
ERP,ERP-000203,FIN-03,V006,2025-05-01,2025-05-10,INV-202505-000203,17590.45,APPROVED,Professional services
ERP,ERP-000204,FIN-03,V021,2025-05-01,2025-05-12,INV-202505-000204,9087.29,APPROVED,Training and certification
ERP,ERP-000205,FIN-03,V007,2025-05-01,2025-05-10,INV-202505-000205,895.48,APPROVED,Recruitment services
ERP,ERP-000206,FIN-03,V028,2025-05-01,2025-05-01,INV-202505-000206,19429.66,APPROVED,Recruitment services
ERP,ERP-000207,FIN-03,V027,2025-05-01,2025-05-31,INV-202505-000207,21527.66,REJECTED,Security assessment
ERP,ERP-000208,FIN-03,V009,2025-05-01,2025-05-05,INV-202505-000208,6378.87,REJECTED,Security assessment
ERP,ERP-000209,FIN-03,V004,2025-06-01,2025-06-23,INV-202506-000209,91528.24,REJECTED,Travel and accommodation
ERP,ERP-000210,FIN-03,V028,2025-06-01,2025-06-27,INV-202506-000210,25650.52,PENDING,Software subscription
ERP,ERP-000211,FIN-03,V008,2025-06-01,2025-06-20,INV-202506-000211,1638.12,APPROVED,Office and facility services
ERP,ERP-000212,FIN-03,V026,2025-06-01,2025-06-06,INV-202506-000212,15673.89,APPROVED,Marketing campaign services
ERP,ERP-000213,FIN-03,V029,2025-06-01,2025-06-30,INV-202506-000213,29688.54,APPROVED,Training and certification
ERP,ERP-000214,FIN-03,V005,2025-07-01,2025-07-21,INV-202507-000214,6927.84,APPROVED,Training and certification
ERP,ERP-000215,FIN-03,V012,2025-07-01,2025-07-11,INV-202507-000215,9959.68,APPROVED,Office and facility services
ERP,ERP-000216,FIN-03,V028,2025-07-01,2025-07-28,INV-202507-000216,19121.80,PENDING,Marketing campaign services
ERP,ERP-000217,FIN-03,V003,2025-07-01,2025-07-14,INV-202507-000217,2841.62,APPROVED,Travel and accommodation
ERP,ERP-000218,FIN-03,V024,2025-07-01,2025-07-31,INV-202507-000218,12710.15,APPROVED,Professional services
ERP,ERP-000219,FIN-03,V013,2025-07-01,2025-07-07,INV-202507-000219,1564.31,APPROVED,Security assessment
ERP,ERP-000220,FIN-03,V020,2025-07-01,2025-07-28,INV-202507-000220,12086.39,APPROVED,Travel and accommodation
ERP,ERP-000221,FIN-03,V010,2025-07-01,2025-07-13,INV-202507-000221,2273.01,APPROVED,Recruitment services
ERP,ERP-000222,FIN-03,V006,2025-07-01,2025-07-27,INV-202507-000222,6272.12,APPROVED,Travel and accommodation
ERP,ERP-000223,FIN-03,V014,2025-07-01,2025-07-31,INV-202507-000223,24085.62,APPROVED,Security assessment
ERP,ERP-000224,FIN-03,V013,2025-07-01,2025-07-28,INV-202507-000224,17434.78,APPROVED,Software subscription
ERP,ERP-000225,FIN-03,V009,2025-08-01,2025-08-21,INV-202508-000225,36297.89,APPROVED,Software subscription
ERP,ERP-000226,FIN-03,V023,2025-08-01,2025-08-23,INV-202508-000226,10493.41,APPROVED,Training and certification
ERP,ERP-000227,FIN-03,V001,2025-08-01,2025-08-31,INV-202508-000227,8799.05,PENDING,Marketing campaign services
ERP,ERP-000228,FIN-03,V018,2025-08-01,2025-08-21,INV-202508-000228,58195.27,APPROVED,Security assessment
ERP,ERP-000229,FIN-03,V029,2025-08-01,2025-08-09,INV-202508-000229,14471.61,APPROVED,Recruitment services
ERP,ERP-000230,FIN-03,V028,2025-08-01,2025-08-07,INV-202508-000230,2807.82,APPROVED,Cloud infrastructure usage
ERP,ERP-000231,FIN-03,V026,2025-08-01,2025-08-03,INV-202508-000231,9239.80,APPROVED,Training and certification
ERP,ERP-000232,FIN-03,V025,2025-09-01,2025-09-30,INV-202509-000232,22977.06,APPROVED,Office and facility services
ERP,ERP-000233,FIN-03,V026,2025-09-01,2025-09-12,INV-202509-000233,46728.74,APPROVED,Security assessment
ERP,ERP-000234,FIN-03,V004,2025-09-01,2025-09-10,INV-202509-000234,8735.31,APPROVED,Security assessment
ERP,ERP-000235,FIN-03,V012,2025-09-01,2025-09-09,INV-202509-000235,18596.28,APPROVED,Recruitment services
ERP,ERP-000236,FIN-03,V008,2025-09-01,2025-09-14,INV-202509-000236,14319.81,APPROVED,Data and research subscription
ERP,ERP-000237,FIN-03,V006,2025-09-01,2025-09-04,INV-202509-000237,9785.35,APPROVED,Office and facility services
ERP,ERP-000238,FIN-03,V022,2025-09-01,2025-09-02,INV-202509-000238,14315.27,APPROVED,Software subscription
ERP,ERP-000239,FIN-03,V011,2025-09-01,2025-09-01,INV-202509-000239,15632.35,PENDING,Office and facility services
ERP,ERP-000240,FIN-03,V004,2025-10-01,2025-10-05,INV-202510-000240,12148.37,PENDING,Professional services
ERP,ERP-000241,FIN-03,V015,2025-10-01,2025-10-28,INV-202510-000241,34286.97,REJECTED,Office and facility services
ERP,ERP-000242,FIN-03,V026,2025-10-01,2025-10-29,INV-202510-000242,47571.00,APPROVED,Professional services
ERP,ERP-000243,FIN-03,V015,2025-10-01,2025-10-28,INV-202510-000243,6900.47,APPROVED,Data and research subscription
ERP,ERP-000244,FIN-03,V023,2025-10-01,2025-10-17,INV-202510-000244,13396.58,APPROVED,Training and certification
ERP,ERP-000245,FIN-03,V011,2025-11-01,2025-11-14,INV-202511-000245,14216.25,PENDING,Cloud infrastructure usage
ERP,ERP-000246,FIN-03,V004,2025-11-01,2025-11-14,INV-202511-000246,45342.12,APPROVED,Recruitment services
ERP,ERP-000247,FIN-03,V026,2025-11-01,2025-11-08,INV-202511-000247,17056.42,APPROVED,Training and certification
ERP,ERP-000248,FIN-03,V019,2025-11-01,2025-11-06,INV-202511-000248,18665.43,APPROVED,Training and certification
ERP,ERP-000249,FIN-03,V020,2025-11-01,2025-11-03,INV-202511-000249,42535.75,PENDING,Data and research subscription
ERP,ERP-000250,FIN-03,V007,2025-11-01,2025-11-29,INV-202511-000250,3808.68,REJECTED,Travel and accommodation
ERP,ERP-000251,FIN-03,V019,2025-12-01,2025-12-03,INV-202512-000251,7048.52,APPROVED,Data and research subscription
ERP,ERP-000252,FIN-03,V011,2025-12-01,2025-12-26,INV-202512-000252,42471.83,PENDING,Security assessment
ERP,ERP-000253,FIN-03,V012,2025-12-01,2025-12-14,INV-202512-000253,21196.48,APPROVED,Training and certification
ERP,ERP-000254,FIN-03,V022,2025-12-01,2025-12-08,INV-202512-000254,2060.12,APPROVED,Data and research subscription
ERP,ERP-000255,FIN-03,V019,2025-12-01,2025-12-02,INV-202512-000255,48501.10,REJECTED,Training and certification
ERP,ERP-000256,FIN-03,V006,2025-12-01,2025-12-29,INV-202512-000256,10020.80,APPROVED,Travel and accommodation
ERP,ERP-000257,FIN-03,V014,2025-12-01,2025-12-29,INV-202512-000257,10184.97,APPROVED,Travel and accommodation
ERP,ERP-000258,ENG-01,V018,2025-01-01,2025-01-08,INV-202501-000258,31493.90,REJECTED,Professional services
ERP,ERP-000259,ENG-01,V004,2025-01-01,2025-01-19,INV-202501-000259,14855.70,APPROVED,Cloud infrastructure usage
ERP,ERP-000260,ENG-01,V020,2025-01-01,2025-01-23,INV-202501-000260,4419.56,APPROVED,Cloud infrastructure usage
ERP,ERP-000261,ENG-01,V023,2025-01-01,2025-01-05,INV-202501-000261,11258.47,APPROVED,Software subscription
ERP,ERP-000262,ENG-01,V018,2025-01-01,2025-01-12,INV-202501-000262,7117.86,APPROVED,Data and research subscription
ERP,ERP-000263,ENG-01,V014,2025-01-01,2025-01-08,INV-202501-000263,4968.72,PENDING,Office and facility services
ERP,ERP-000264,ENG-01,V018,2025-01-01,2025-01-13,INV-202501-000264,10955.59,APPROVED,Travel and accommodation
ERP,ERP-000265,ENG-01,V002,2025-01-01,2025-01-05,INV-202501-000265,12983.50,APPROVED,Training and certification
ERP,ERP-000266,ENG-01,V026,2025-01-01,2025-01-14,INV-202501-000266,10018.81,APPROVED,Cloud infrastructure usage
ERP,ERP-000267,ENG-01,V018,2025-01-01,2025-01-29,INV-202501-000267,15501.12,APPROVED,Training and certification
ERP,ERP-000268,ENG-01,V026,2025-02-01,2025-02-19,INV-202502-000268,40499.93,APPROVED,Office and facility services
ERP,ERP-000269,ENG-01,V010,2025-02-01,2025-02-04,INV-202502-000269,21167.49,PENDING,Software subscription
ERP,ERP-000270,ENG-01,V021,2025-02-01,2025-02-18,INV-202502-000270,7452.12,APPROVED,Office and facility services
ERP,ERP-000271,ENG-01,V030,2025-02-01,2025-02-27,INV-202502-000271,37410.86,APPROVED,Software subscription
ERP,ERP-000272,ENG-01,V022,2025-02-01,2025-02-25,INV-202502-000272,6995.51,APPROVED,Recruitment services
ERP,ERP-000273,ENG-01,V008,2025-03-01,2025-03-08,INV-202503-000273,6958.96,APPROVED,Professional services
ERP,ERP-000274,ENG-01,V019,2025-03-01,2025-03-27,INV-202503-000274,8666.11,APPROVED,Security assessment
ERP,ERP-000275,ENG-01,V008,2025-03-01,2025-03-02,INV-202503-000275,6219.41,APPROVED,Training and certification
ERP,ERP-000276,ENG-01,V013,2025-03-01,2025-03-04,INV-202503-000276,5794.31,APPROVED,Cloud infrastructure usage
ERP,ERP-000277,ENG-01,V008,2025-03-01,2025-03-29,INV-202503-000277,23732.19,APPROVED,Travel and accommodation
ERP,ERP-000278,ENG-01,V001,2025-03-01,2025-03-25,INV-202503-000278,12437.58,APPROVED,Cloud infrastructure usage
ERP,ERP-000279,ENG-01,V026,2025-03-01,2025-03-29,INV-202503-000279,14249.34,APPROVED,Security assessment
ERP,ERP-000280,ENG-01,V027,2025-03-01,2025-03-03,INV-202503-000280,26746.48,APPROVED,Travel and accommodation
ERP,ERP-000281,ENG-01,V011,2025-03-01,2025-03-03,INV-202503-000281,19325.44,APPROVED,Software subscription
ERP,ERP-000282,ENG-01,V018,2025-03-01,2025-03-25,INV-202503-000282,15359.79,APPROVED,Training and certification
ERP,ERP-000283,ENG-01,V007,2025-04-01,2025-04-22,INV-202504-000283,8982.15,APPROVED,Security assessment
ERP,ERP-000284,ENG-01,V026,2025-04-01,2025-04-16,INV-202504-000284,16602.35,PENDING,Software subscription
ERP,ERP-000285,ENG-01,V002,2025-04-01,2025-04-10,INV-202504-000285,17798.75,APPROVED,Training and certification
ERP,ERP-000286,ENG-01,V011,2025-04-01,2025-04-26,INV-202504-000286,12711.31,APPROVED,Recruitment services
ERP,ERP-000287,ENG-01,V003,2025-04-01,2025-04-10,INV-202504-000287,34954.60,APPROVED,Cloud infrastructure usage
ERP,ERP-000288,ENG-01,V025,2025-04-01,2025-04-07,INV-202504-000288,7572.92,APPROVED,Marketing campaign services
ERP,ERP-000289,ENG-01,V015,2025-04-01,2025-04-10,INV-202504-000289,18736.22,APPROVED,Travel and accommodation
ERP,ERP-000290,ENG-01,V011,2025-04-01,2025-04-22,INV-202504-000290,2751.25,APPROVED,Data and research subscription
ERP,ERP-000291,ENG-01,V010,2025-04-01,2025-04-01,INV-202504-000291,11655.51,APPROVED,Recruitment services
ERP,ERP-000292,ENG-01,V001,2025-05-01,2025-05-28,INV-202505-000292,4765.31,APPROVED,Data and research subscription
ERP,ERP-000293,ENG-01,V015,2025-05-01,2025-05-07,INV-202505-000293,9815.99,APPROVED,Recruitment services
ERP,ERP-000294,ENG-01,V011,2025-05-01,2025-05-19,INV-202505-000294,16920.86,APPROVED,Professional services
ERP,ERP-000295,ENG-01,V026,2025-05-01,2025-05-01,INV-202505-000295,27222.20,APPROVED,Training and certification
ERP,ERP-000296,ENG-01,V001,2025-05-01,2025-05-25,INV-202505-000296,46438.90,REJECTED,Recruitment services
ERP,ERP-000297,ENG-01,V017,2025-05-01,2025-05-25,INV-202505-000297,9778.11,APPROVED,Marketing campaign services
ERP,ERP-000298,ENG-01,V010,2025-05-01,2025-05-16,INV-202505-000298,19643.41,PENDING,Recruitment services
ERP,ERP-000299,ENG-01,V005,2025-05-01,2025-05-29,INV-202505-000299,10992.99,APPROVED,Marketing campaign services
ERP,ERP-000300,ENG-01,V020,2025-05-01,2025-05-03,INV-202505-000300,5898.98,APPROVED,Training and certification
ERP,ERP-000301,ENG-01,V024,2025-06-01,2025-06-18,INV-202506-000301,4800.80,APPROVED,Travel and accommodation
ERP,ERP-000302,ENG-01,V030,2025-06-01,2025-06-06,INV-202506-000302,24767.39,APPROVED,Cloud infrastructure usage
ERP,ERP-000303,ENG-01,V018,2025-06-01,2025-06-01,INV-202506-000303,32764.36,PENDING,Office and facility services
ERP,ERP-000304,ENG-01,V022,2025-06-01,2025-06-10,INV-202506-000304,21905.97,PENDING,Recruitment services
ERP,ERP-000305,ENG-01,V020,2025-06-01,2025-06-02,INV-202506-000305,3338.60,PENDING,Recruitment services
ERP,ERP-000306,ENG-01,V027,2025-06-01,2025-06-25,INV-202506-000306,14734.98,APPROVED,Security assessment
ERP,ERP-000307,ENG-01,V005,2025-06-01,2025-06-29,INV-202506-000307,4869.48,APPROVED,Data and research subscription
ERP,ERP-000308,ENG-01,V018,2025-06-01,2025-06-20,INV-202506-000308,14711.89,APPROVED,Professional services
ERP,ERP-000309,ENG-01,V018,2025-06-01,2025-06-17,INV-202506-000309,13902.70,APPROVED,Office and facility services
ERP,ERP-000310,ENG-01,V004,2025-06-01,2025-06-23,INV-202506-000310,5581.03,APPROVED,Office and facility services
ERP,ERP-000311,ENG-01,V005,2025-06-01,2025-06-13,INV-202506-000311,6959.91,APPROVED,Marketing campaign services
ERP,ERP-000312,ENG-01,V011,2025-07-01,2025-07-20,INV-202507-000312,1867.98,PENDING,Recruitment services
ERP,ERP-000313,ENG-01,V028,2025-07-01,2025-07-31,INV-202507-000313,13616.00,APPROVED,Training and certification
ERP,ERP-000314,ENG-01,V022,2025-07-01,2025-07-28,INV-202507-000314,40548.67,APPROVED,Professional services
ERP,ERP-000315,ENG-01,V021,2025-07-01,2025-07-02,INV-202507-000315,6777.93,APPROVED,Data and research subscription
ERP,ERP-000316,ENG-01,V025,2025-07-01,2025-07-13,INV-202507-000316,12045.27,APPROVED,Cloud infrastructure usage
ERP,ERP-000317,ENG-01,V012,2025-07-01,2025-07-13,INV-202507-000317,6815.20,APPROVED,Training and certification
ERP,ERP-000318,ENG-01,V022,2025-07-01,2025-07-06,INV-202507-000318,3647.26,APPROVED,Recruitment services
ERP,ERP-000319,ENG-01,V026,2025-07-01,2025-07-13,INV-202507-000319,2757.71,APPROVED,Data and research subscription
ERP,ERP-000320,ENG-01,V017,2025-07-01,2025-07-04,INV-202507-000320,20778.01,APPROVED,Data and research subscription
ERP,ERP-000321,ENG-01,V016,2025-07-01,2025-07-31,INV-202507-000321,30627.20,APPROVED,Security assessment
ERP,ERP-000322,ENG-01,V012,2025-07-01,2025-07-18,INV-202507-000322,27538.37,APPROVED,Recruitment services
ERP,ERP-000323,ENG-01,V015,2025-08-01,2025-08-14,INV-202508-000323,5364.74,APPROVED,Software subscription
ERP,ERP-000324,ENG-01,V016,2025-08-01,2025-08-25,INV-202508-000324,22265.78,APPROVED,Office and facility services
ERP,ERP-000325,ENG-01,V026,2025-08-01,2025-08-21,INV-202508-000325,8306.73,APPROVED,Software subscription
ERP,ERP-000326,ENG-01,V012,2025-08-01,2025-08-23,INV-202508-000326,20438.87,APPROVED,Software subscription
ERP,ERP-000327,ENG-01,V016,2025-08-01,2025-08-18,INV-202508-000327,42043.56,APPROVED,Recruitment services
ERP,ERP-000328,ENG-01,V020,2025-08-01,2025-08-03,INV-202508-000328,16164.48,PENDING,Cloud infrastructure usage
ERP,ERP-000329,ENG-01,V004,2025-08-01,2025-08-31,INV-202508-000329,23986.18,APPROVED,Recruitment services
ERP,ERP-000330,ENG-01,V015,2025-09-01,2025-09-26,INV-202509-000330,13197.96,APPROVED,Professional services
ERP,ERP-000331,ENG-01,V008,2025-09-01,2025-09-21,INV-202509-000331,45875.55,APPROVED,Marketing campaign services
ERP,ERP-000332,ENG-01,V006,2025-09-01,2025-09-27,INV-202509-000332,19183.91,APPROVED,Training and certification
ERP,ERP-000333,ENG-01,V004,2025-09-01,2025-09-15,INV-202509-000333,23803.99,REJECTED,Recruitment services
ERP,ERP-000334,ENG-01,V010,2025-09-01,2025-09-25,INV-202509-000334,26352.97,APPROVED,Training and certification
ERP,ERP-000335,ENG-01,V019,2025-09-01,2025-09-22,INV-202509-000335,12319.02,APPROVED,Training and certification
ERP,ERP-000336,ENG-01,V025,2025-10-01,2025-10-12,INV-202510-000336,13496.67,APPROVED,Professional services
ERP,ERP-000337,ENG-01,V003,2025-10-01,2025-10-29,INV-202510-000337,4210.70,APPROVED,Security assessment
ERP,ERP-000338,ENG-01,V004,2025-10-01,2025-10-26,INV-202510-000338,1398.91,APPROVED,Data and research subscription
ERP,ERP-000339,ENG-01,V003,2025-10-01,2025-10-07,INV-202510-000339,22736.97,APPROVED,Security assessment
ERP,ERP-000340,ENG-01,V030,2025-10-01,2025-10-09,INV-202510-000340,34904.13,APPROVED,Data and research subscription
ERP,ERP-000341,ENG-01,V030,2025-10-01,2025-10-18,INV-202510-000341,6320.83,APPROVED,Marketing campaign services
ERP,ERP-000342,ENG-01,V025,2025-10-01,2025-10-09,INV-202510-000342,45946.85,APPROVED,Training and certification
ERP,ERP-000343,ENG-01,V014,2025-10-01,2025-10-16,INV-202510-000343,9759.46,APPROVED,Security assessment
ERP,ERP-000344,ENG-01,V030,2025-10-01,2025-10-04,INV-202510-000344,531.67,APPROVED,Cloud infrastructure usage
ERP,ERP-000345,ENG-01,V017,2025-10-01,2025-10-16,INV-202510-000345,2759.96,APPROVED,Data and research subscription
ERP,ERP-000346,ENG-01,V009,2025-11-01,2025-11-27,INV-202511-000346,17746.59,APPROVED,Travel and accommodation
ERP,ERP-000347,ENG-01,V018,2025-11-01,2025-11-12,INV-202511-000347,8166.40,APPROVED,Marketing campaign services
ERP,ERP-000348,ENG-01,V018,2025-11-01,2025-11-21,INV-202511-000348,78162.64,PENDING,Data and research subscription
ERP,ERP-000349,ENG-01,V021,2025-11-01,2025-11-02,INV-202511-000349,19403.70,PENDING,Cloud infrastructure usage
ERP,ERP-000350,ENG-01,V029,2025-11-01,2025-11-24,INV-202511-000350,11657.88,APPROVED,Data and research subscription
ERP,ERP-000351,ENG-01,V003,2025-12-01,2025-12-21,INV-202512-000351,39549.36,APPROVED,Marketing campaign services
ERP,ERP-000352,ENG-01,V002,2025-12-01,2025-12-02,INV-202512-000352,9031.31,APPROVED,Training and certification
ERP,ERP-000353,ENG-01,V024,2025-12-01,2025-12-06,INV-202512-000353,10108.03,REJECTED,Cloud infrastructure usage
ERP,ERP-000354,ENG-01,V022,2025-12-01,2025-12-18,INV-202512-000354,70699.51,PENDING,Recruitment services
ERP,ERP-000355,ENG-01,V011,2025-12-01,2025-12-09,INV-202512-000355,4192.97,APPROVED,Recruitment services
ERP,ERP-000356,ENG-01,V023,2025-12-01,2025-12-24,INV-202512-000356,5479.87,APPROVED,Office and facility services
ERP,ERP-000357,ENG-01,V028,2025-12-01,2025-12-06,INV-202512-000357,7572.59,APPROVED,Professional services
ERP,ERP-000358,ENG-02,V001,2025-01-01,2025-01-10,INV-202501-000358,13639.11,APPROVED,Security assessment
ERP,ERP-000359,ENG-02,V025,2025-01-01,2025-01-16,INV-202501-000359,20756.99,APPROVED,Training and certification
ERP,ERP-000360,ENG-02,V022,2025-01-01,2025-01-08,INV-202501-000360,78388.86,APPROVED,Training and certification
ERP,ERP-000361,ENG-02,V001,2025-01-01,2025-01-20,INV-202501-000361,37193.61,APPROVED,Training and certification
ERP,ERP-000362,ENG-02,V006,2025-01-01,2025-01-26,INV-202501-000362,11106.81,APPROVED,Security assessment
ERP,ERP-000363,ENG-02,V010,2025-01-01,2025-01-05,INV-202501-000363,13463.57,APPROVED,Marketing campaign services
ERP,ERP-000364,ENG-02,V030,2025-01-01,2025-01-18,INV-202501-000364,8264.20,PENDING,Data and research subscription
ERP,ERP-000365,ENG-02,V020,2025-01-01,2025-01-12,INV-202501-000365,7378.82,APPROVED,Training and certification
ERP,ERP-000366,ENG-02,V014,2025-01-01,2025-01-08,INV-202501-000366,35748.23,APPROVED,Professional services
ERP,ERP-000367,ENG-02,V030,2025-01-01,2025-01-11,INV-202501-000367,29751.99,APPROVED,Cloud infrastructure usage
ERP,ERP-000368,ENG-02,V001,2025-02-01,2025-02-14,INV-202502-000368,36545.21,APPROVED,Recruitment services
ERP,ERP-000369,ENG-02,V004,2025-02-01,2025-02-18,INV-202502-000369,918.18,APPROVED,Marketing campaign services
ERP,ERP-000370,ENG-02,V006,2025-02-01,2025-02-19,INV-202502-000370,19440.67,PENDING,Recruitment services
ERP,ERP-000371,ENG-02,V021,2025-02-01,2025-02-17,INV-202502-000371,12058.98,APPROVED,Cloud infrastructure usage
ERP,ERP-000372,ENG-02,V008,2025-02-01,2025-02-24,INV-202502-000372,49929.04,APPROVED,Data and research subscription
ERP,ERP-000373,ENG-02,V005,2025-02-01,2025-02-14,INV-202502-000373,1119.99,APPROVED,Training and certification
ERP,ERP-000374,ENG-02,V004,2025-02-01,2025-02-06,INV-202502-000374,29291.52,APPROVED,Data and research subscription
ERP,ERP-000375,ENG-02,V019,2025-02-01,2025-02-13,INV-202502-000375,46259.24,APPROVED,Training and certification
ERP,ERP-000376,ENG-02,V025,2025-03-01,2025-03-12,INV-202503-000376,6588.33,APPROVED,Office and facility services
ERP,ERP-000377,ENG-02,V004,2025-03-01,2025-03-31,INV-202503-000377,32570.63,PENDING,Security assessment
ERP,ERP-000378,ENG-02,V008,2025-03-01,2025-03-19,INV-202503-000378,1709.15,APPROVED,Training and certification
ERP,ERP-000379,ENG-02,V014,2025-03-01,2025-03-27,INV-202503-000379,5172.11,PENDING,Cloud infrastructure usage
ERP,ERP-000380,ENG-02,V027,2025-03-01,2025-03-28,INV-202503-000380,40244.76,APPROVED,Software subscription
ERP,ERP-000381,ENG-02,V009,2025-03-01,2025-03-16,INV-202503-000381,22568.72,APPROVED,Software subscription
ERP,ERP-000382,ENG-02,V007,2025-03-01,2025-03-15,INV-202503-000382,68607.72,APPROVED,Cloud infrastructure usage
ERP,ERP-000383,ENG-02,V010,2025-03-01,2025-03-21,INV-202503-000383,24589.49,APPROVED,Travel and accommodation
ERP,ERP-000384,ENG-02,V027,2025-03-01,2025-03-13,INV-202503-000384,30541.40,REJECTED,Marketing campaign services
ERP,ERP-000385,ENG-02,V009,2025-03-01,2025-03-30,INV-202503-000385,17220.83,APPROVED,Marketing campaign services
ERP,ERP-000386,ENG-02,V023,2025-03-01,2025-03-14,INV-202503-000386,1193.86,APPROVED,Professional services
ERP,ERP-000387,ENG-02,V028,2025-04-01,2025-04-22,INV-202504-000387,16516.93,APPROVED,Software subscription
ERP,ERP-000388,ENG-02,V014,2025-04-01,2025-04-06,INV-202504-000388,120926.62,APPROVED,Recruitment services
ERP,ERP-000389,ENG-02,V024,2025-04-01,2025-04-26,INV-202504-000389,9491.28,APPROVED,Recruitment services
ERP,ERP-000390,ENG-02,V005,2025-04-01,2025-04-23,INV-202504-000390,7265.14,APPROVED,Travel and accommodation
ERP,ERP-000391,ENG-02,V009,2025-04-01,2025-04-27,INV-202504-000391,17146.74,APPROVED,Training and certification
ERP,ERP-000392,ENG-02,V003,2025-04-01,2025-04-28,INV-202504-000392,97874.10,APPROVED,Professional services
ERP,ERP-000393,ENG-02,V010,2025-05-01,2025-05-25,INV-202505-000393,72284.33,APPROVED,Data and research subscription
ERP,ERP-000394,ENG-02,V026,2025-05-01,2025-05-21,INV-202505-000394,82775.19,APPROVED,Travel and accommodation
ERP,ERP-000395,ENG-02,V012,2025-05-01,2025-05-14,INV-202505-000395,19549.06,APPROVED,Security assessment
ERP,ERP-000396,ENG-02,V006,2025-05-01,2025-05-09,INV-202505-000396,13502.78,APPROVED,Professional services
ERP,ERP-000397,ENG-02,V015,2025-05-01,2025-05-10,INV-202505-000397,14703.48,PENDING,Security assessment
ERP,ERP-000398,ENG-02,V013,2025-05-01,2025-05-08,INV-202505-000398,19995.56,APPROVED,Cloud infrastructure usage
ERP,ERP-000399,ENG-02,V023,2025-05-01,2025-05-06,INV-202505-000399,5477.55,APPROVED,Office and facility services
ERP,ERP-000400,ENG-02,V005,2025-05-01,2025-05-15,INV-202505-000400,24363.03,APPROVED,Training and certification
ERP,ERP-000401,ENG-02,V002,2025-05-01,2025-05-23,INV-202505-000401,18773.83,APPROVED,Training and certification
ERP,ERP-000402,ENG-02,V026,2025-05-01,2025-05-05,INV-202505-000402,15600.21,APPROVED,Travel and accommodation
ERP,ERP-000403,ENG-02,V009,2025-05-01,2025-05-20,INV-202505-000403,1652.29,APPROVED,Software subscription
ERP,ERP-000404,ENG-02,V030,2025-06-01,2025-06-17,INV-202506-000404,67327.17,APPROVED,Marketing campaign services
ERP,ERP-000405,ENG-02,V006,2025-06-01,2025-06-23,INV-202506-000405,39430.25,APPROVED,Office and facility services
ERP,ERP-000406,ENG-02,V022,2025-06-01,2025-06-19,INV-202506-000406,61684.68,APPROVED,Travel and accommodation
ERP,ERP-000407,ENG-02,V027,2025-06-01,2025-06-21,INV-202506-000407,21905.53,APPROVED,Data and research subscription
ERP,ERP-000408,ENG-02,V023,2025-06-01,2025-06-11,INV-202506-000408,105453.35,APPROVED,Travel and accommodation
ERP,ERP-000409,ENG-02,V015,2025-06-01,2025-06-21,INV-202506-000409,34359.89,PENDING,Training and certification
ERP,ERP-000410,ENG-02,V029,2025-06-01,2025-06-24,INV-202506-000410,52481.35,PENDING,Training and certification
ERP,ERP-000411,ENG-02,V007,2025-07-01,2025-07-10,INV-202507-000411,41459.00,APPROVED,Marketing campaign services
ERP,ERP-000412,ENG-02,V017,2025-07-01,2025-07-06,INV-202507-000412,13494.41,PENDING,Cloud infrastructure usage
ERP,ERP-000413,ENG-02,V025,2025-07-01,2025-07-16,INV-202507-000413,44319.06,APPROVED,Cloud infrastructure usage
ERP,ERP-000414,ENG-02,V002,2025-07-01,2025-07-12,INV-202507-000414,28021.08,APPROVED,Data and research subscription
ERP,ERP-000415,ENG-02,V001,2025-07-01,2025-07-31,INV-202507-000415,57184.74,PENDING,Marketing campaign services
ERP,ERP-000416,ENG-02,V017,2025-07-01,2025-07-27,INV-202507-000416,38799.54,PENDING,Data and research subscription
ERP,ERP-000417,ENG-02,V022,2025-07-01,2025-07-08,INV-202507-000417,29432.74,APPROVED,Travel and accommodation
ERP,ERP-000418,ENG-02,V003,2025-08-01,2025-08-30,INV-202508-000418,44819.59,REJECTED,Software subscription
ERP,ERP-000419,ENG-02,V012,2025-08-01,2025-08-20,INV-202508-000419,49843.50,PENDING,Recruitment services
ERP,ERP-000420,ENG-02,V020,2025-08-01,2025-08-05,INV-202508-000420,19241.84,PENDING,Cloud infrastructure usage
ERP,ERP-000421,ENG-02,V007,2025-08-01,2025-08-08,INV-202508-000421,9098.62,APPROVED,Security assessment
ERP,ERP-000422,ENG-02,V008,2025-08-01,2025-08-27,INV-202508-000422,9056.51,APPROVED,Office and facility services
ERP,ERP-000423,ENG-02,V003,2025-08-01,2025-08-14,INV-202508-000423,958.67,APPROVED,Professional services
ERP,ERP-000424,ENG-02,V014,2025-08-01,2025-08-01,INV-202508-000424,16392.17,PENDING,Data and research subscription
ERP,ERP-000425,ENG-02,V010,2025-08-01,2025-08-25,INV-202508-000425,43638.06,APPROVED,Recruitment services
ERP,ERP-000426,ENG-02,V003,2025-08-01,2025-08-05,INV-202508-000426,8413.83,PENDING,Training and certification
ERP,ERP-000427,ENG-02,V010,2025-08-01,2025-08-14,INV-202508-000427,42228.77,APPROVED,Recruitment services
ERP,ERP-000428,ENG-02,V019,2025-09-01,2025-09-03,INV-202509-000428,3375.60,APPROVED,Cloud infrastructure usage
ERP,ERP-000429,ENG-02,V017,2025-09-01,2025-09-17,INV-202509-000429,18817.64,APPROVED,Security assessment
ERP,ERP-000430,ENG-02,V012,2025-09-01,2025-09-01,INV-202509-000430,49793.48,APPROVED,Travel and accommodation
ERP,ERP-000431,ENG-02,V016,2025-09-01,2025-09-28,INV-202509-000431,10286.09,PENDING,Cloud infrastructure usage
ERP,ERP-000432,ENG-02,V013,2025-09-01,2025-09-29,INV-202509-000432,8263.61,APPROVED,Training and certification
ERP,ERP-000433,ENG-02,V006,2025-09-01,2025-09-05,INV-202509-000433,52774.04,APPROVED,Data and research subscription
ERP,ERP-000434,ENG-02,V020,2025-09-01,2025-09-08,INV-202509-000434,1816.53,APPROVED,Travel and accommodation
ERP,ERP-000435,ENG-02,V026,2025-09-01,2025-09-16,INV-202509-000435,70729.98,PENDING,Software subscription
ERP,ERP-000436,ENG-02,V012,2025-09-01,2025-09-03,INV-202509-000436,32302.38,APPROVED,Software subscription
ERP,ERP-000437,ENG-02,V012,2025-09-01,2025-09-13,INV-202509-000437,19903.73,APPROVED,Professional services
ERP,ERP-000438,ENG-02,V018,2025-09-01,2025-09-07,INV-202509-000438,56659.53,REJECTED,Software subscription
ERP,ERP-000439,ENG-02,V011,2025-10-01,2025-10-05,INV-202510-000439,27277.62,APPROVED,Cloud infrastructure usage
ERP,ERP-000440,ENG-02,V019,2025-10-01,2025-10-11,INV-202510-000440,30653.62,PENDING,Professional services
ERP,ERP-000441,ENG-02,V013,2025-10-01,2025-10-14,INV-202510-000441,77116.61,PENDING,Office and facility services
ERP,ERP-000442,ENG-02,V030,2025-10-01,2025-10-08,INV-202510-000442,60433.85,APPROVED,Marketing campaign services
ERP,ERP-000443,ENG-02,V009,2025-10-01,2025-10-02,INV-202510-000443,44109.23,APPROVED,Software subscription
ERP,ERP-000444,ENG-02,V012,2025-10-01,2025-10-30,INV-202510-000444,7559.70,APPROVED,Cloud infrastructure usage
ERP,ERP-000445,ENG-02,V008,2025-10-01,2025-10-20,INV-202510-000445,22080.60,REJECTED,Software subscription
ERP,ERP-000446,ENG-02,V027,2025-11-01,2025-11-29,INV-202511-000446,48764.52,REJECTED,Cloud infrastructure usage
ERP,ERP-000447,ENG-02,V012,2025-11-01,2025-11-11,INV-202511-000447,22936.16,APPROVED,Travel and accommodation
ERP,ERP-000448,ENG-02,V026,2025-11-01,2025-11-12,INV-202511-000448,65291.40,APPROVED,Professional services
ERP,ERP-000449,ENG-02,V008,2025-11-01,2025-11-13,INV-202511-000449,34263.36,APPROVED,Software subscription
ERP,ERP-000450,ENG-02,V004,2025-11-01,2025-11-07,INV-202511-000450,11681.00,APPROVED,Recruitment services
ERP,ERP-000451,ENG-02,V002,2025-11-01,2025-11-03,INV-202511-000451,19783.96,APPROVED,Travel and accommodation
ERP,ERP-000452,ENG-02,V016,2025-11-01,2025-11-05,INV-202511-000452,9309.77,PENDING,Training and certification
ERP,ERP-000453,ENG-02,V005,2025-11-01,2025-11-03,INV-202511-000453,20443.27,APPROVED,Office and facility services
ERP,ERP-000454,ENG-02,V006,2025-11-01,2025-11-28,INV-202511-000454,24237.55,APPROVED,Recruitment services
ERP,ERP-000455,ENG-02,V014,2025-11-01,2025-11-07,INV-202511-000455,3879.03,APPROVED,Security assessment
ERP,ERP-000456,ENG-02,V027,2025-12-01,2025-12-24,INV-202512-000456,37196.65,APPROVED,Training and certification
ERP,ERP-000457,ENG-02,V001,2025-12-01,2025-12-16,INV-202512-000457,18175.88,REJECTED,Travel and accommodation
ERP,ERP-000458,ENG-02,V015,2025-12-01,2025-12-29,INV-202512-000458,2558.92,APPROVED,Office and facility services
ERP,ERP-000459,ENG-02,V009,2025-12-01,2025-12-16,INV-202512-000459,26169.37,APPROVED,Office and facility services
ERP,ERP-000460,ENG-02,V005,2025-12-01,2025-12-26,INV-202512-000460,38041.34,APPROVED,Security assessment
ERP,ERP-000461,ENG-02,V011,2025-12-01,2025-12-03,INV-202512-000461,89248.03,APPROVED,Marketing campaign services
ERP,ERP-000462,ENG-02,V029,2025-12-01,2025-12-23,INV-202512-000462,24424.83,APPROVED,Recruitment services
ERP,ERP-000463,ENG-02,V011,2025-12-01,2025-12-20,INV-202512-000463,6495.55,APPROVED,Recruitment services
ERP,ERP-000464,ENG-02,V008,2025-12-01,2025-12-03,INV-202512-000464,32053.52,APPROVED,Software subscription
ERP,ERP-000465,ENG-02,V008,2025-12-01,2025-12-11,INV-202512-000465,33467.21,APPROVED,Cloud infrastructure usage
ERP,ERP-000466,ENG-02,V009,2025-12-01,2025-12-25,INV-202512-000466,17111.20,APPROVED,Training and certification
ERP,ERP-000467,ENG-03,V019,2025-01-01,2025-01-13,INV-202501-000467,30017.82,APPROVED,Cloud infrastructure usage
ERP,ERP-000468,ENG-03,V022,2025-01-01,2025-01-11,INV-202501-000468,4216.87,APPROVED,Training and certification
ERP,ERP-000469,ENG-03,V024,2025-01-01,2025-01-05,INV-202501-000469,25345.99,APPROVED,Travel and accommodation
ERP,ERP-000470,ENG-03,V024,2025-01-01,2025-01-09,INV-202501-000470,136883.89,PENDING,Cloud infrastructure usage
ERP,ERP-000471,ENG-03,V025,2025-01-01,2025-01-31,INV-202501-000471,70870.31,PENDING,Training and certification
ERP,ERP-000472,ENG-03,V028,2025-02-01,2025-02-08,INV-202502-000472,41187.58,APPROVED,Cloud infrastructure usage
ERP,ERP-000473,ENG-03,V008,2025-02-01,2025-02-25,INV-202502-000473,25080.53,APPROVED,Office and facility services
ERP,ERP-000474,ENG-03,V029,2025-02-01,2025-02-20,INV-202502-000474,24922.03,REJECTED,Recruitment services
ERP,ERP-000475,ENG-03,V003,2025-02-01,2025-02-18,INV-202502-000475,45001.51,PENDING,Recruitment services
ERP,ERP-000476,ENG-03,V024,2025-02-01,2025-02-04,INV-202502-000476,3715.59,APPROVED,Recruitment services
ERP,ERP-000477,ENG-03,V010,2025-02-01,2025-02-03,INV-202502-000477,19579.80,PENDING,Marketing campaign services
ERP,ERP-000478,ENG-03,V029,2025-02-01,2025-02-01,INV-202502-000478,36453.68,APPROVED,Cloud infrastructure usage
ERP,ERP-000479,ENG-03,V013,2025-02-01,2025-02-25,INV-202502-000479,3239.30,APPROVED,Professional services
ERP,ERP-000480,ENG-03,V024,2025-03-01,2025-03-23,INV-202503-000480,49899.57,APPROVED,Professional services
ERP,ERP-000481,ENG-03,V019,2025-03-01,2025-03-12,INV-202503-000481,49645.80,APPROVED,Recruitment services
ERP,ERP-000482,ENG-03,V020,2025-03-01,2025-03-21,INV-202503-000482,5649.42,APPROVED,Recruitment services
ERP,ERP-000483,ENG-03,V025,2025-03-01,2025-03-28,INV-202503-000483,15249.17,APPROVED,Office and facility services
ERP,ERP-000484,ENG-03,V014,2025-03-01,2025-03-24,INV-202503-000484,21310.02,APPROVED,Recruitment services
ERP,ERP-000485,ENG-03,V014,2025-03-01,2025-03-28,INV-202503-000485,121247.65,APPROVED,Office and facility services
ERP,ERP-000486,ENG-03,V005,2025-03-01,2025-03-13,INV-202503-000486,40924.90,APPROVED,Office and facility services
ERP,ERP-000487,ENG-03,V010,2025-03-01,2025-03-07,INV-202503-000487,51224.94,APPROVED,Cloud infrastructure usage
ERP,ERP-000488,ENG-03,V017,2025-03-01,2025-03-04,INV-202503-000488,28405.95,APPROVED,Cloud infrastructure usage
ERP,ERP-000489,ENG-03,V016,2025-04-01,2025-04-27,INV-202504-000489,9039.46,APPROVED,Security assessment
ERP,ERP-000490,ENG-03,V030,2025-04-01,2025-04-11,INV-202504-000490,12957.59,APPROVED,Recruitment services
ERP,ERP-000491,ENG-03,V011,2025-04-01,2025-04-16,INV-202504-000491,5699.39,APPROVED,Security assessment
ERP,ERP-000492,ENG-03,V021,2025-04-01,2025-04-29,INV-202504-000492,14880.53,APPROVED,Professional services
ERP,ERP-000493,ENG-03,V013,2025-04-01,2025-04-14,INV-202504-000493,22065.65,APPROVED,Professional services
ERP,ERP-000494,ENG-03,V018,2025-04-01,2025-04-22,INV-202504-000494,22177.19,PENDING,Software subscription
ERP,ERP-000495,ENG-03,V004,2025-04-01,2025-04-05,INV-202504-000495,41828.63,PENDING,Professional services
ERP,ERP-000496,ENG-03,V004,2025-04-01,2025-04-26,INV-202504-000496,9243.99,APPROVED,Data and research subscription
ERP,ERP-000497,ENG-03,V018,2025-04-01,2025-04-02,INV-202504-000497,9038.44,APPROVED,Training and certification
ERP,ERP-000498,ENG-03,V017,2025-04-01,2025-04-09,INV-202504-000498,25201.74,APPROVED,Recruitment services
ERP,ERP-000499,ENG-03,V024,2025-04-01,2025-04-01,INV-202504-000499,1185.40,APPROVED,Professional services
ERP,ERP-000500,ENG-03,V003,2025-05-01,2025-05-05,INV-202505-000500,22011.63,APPROVED,Data and research subscription
ERP,ERP-000501,ENG-03,V025,2025-05-01,2025-05-02,INV-202505-000501,5628.15,APPROVED,Recruitment services
ERP,ERP-000502,ENG-03,V014,2025-05-01,2025-05-21,INV-202505-000502,59632.64,APPROVED,Professional services
ERP,ERP-000503,ENG-03,V029,2025-05-01,2025-05-16,INV-202505-000503,29349.37,APPROVED,Software subscription
ERP,ERP-000504,ENG-03,V014,2025-05-01,2025-05-12,INV-202505-000504,56548.87,APPROVED,Security assessment
ERP,ERP-000505,ENG-03,V007,2025-05-01,2025-05-16,INV-202505-000505,25035.56,APPROVED,Professional services
ERP,ERP-000506,ENG-03,V008,2025-05-01,2025-05-15,INV-202505-000506,22331.00,APPROVED,Security assessment
ERP,ERP-000507,ENG-03,V002,2025-05-01,2025-05-13,INV-202505-000507,9207.07,APPROVED,Cloud infrastructure usage
ERP,ERP-000508,ENG-03,V016,2025-05-01,2025-05-22,INV-202505-000508,25683.55,APPROVED,Training and certification
ERP,ERP-000509,ENG-03,V009,2025-05-01,2025-05-31,INV-202505-000509,13006.10,APPROVED,Training and certification
ERP,ERP-000510,ENG-03,V003,2025-06-01,2025-06-07,INV-202506-000510,11873.87,APPROVED,Software subscription
ERP,ERP-000511,ENG-03,V027,2025-06-01,2025-06-28,INV-202506-000511,14397.71,APPROVED,Software subscription
ERP,ERP-000512,ENG-03,V029,2025-06-01,2025-06-04,INV-202506-000512,37356.50,APPROVED,Cloud infrastructure usage
ERP,ERP-000513,ENG-03,V001,2025-06-01,2025-06-11,INV-202506-000513,35447.13,APPROVED,Professional services
ERP,ERP-000514,ENG-03,V007,2025-06-01,2025-06-02,INV-202506-000514,7796.63,PENDING,Office and facility services
ERP,ERP-000515,ENG-03,V015,2025-06-01,2025-06-10,INV-202506-000515,13814.66,APPROVED,Marketing campaign services
ERP,ERP-000516,ENG-03,V019,2025-06-01,2025-06-26,INV-202506-000516,7564.48,PENDING,Software subscription
ERP,ERP-000517,ENG-03,V028,2025-06-01,2025-06-29,INV-202506-000517,35094.31,APPROVED,Professional services
ERP,ERP-000518,ENG-03,V006,2025-06-01,2025-06-05,INV-202506-000518,22671.70,APPROVED,Software subscription
ERP,ERP-000519,ENG-03,V017,2025-06-01,2025-06-02,INV-202506-000519,3242.18,APPROVED,Recruitment services
ERP,ERP-000520,ENG-03,V007,2025-06-01,2025-06-07,INV-202506-000520,15426.20,APPROVED,Travel and accommodation
ERP,ERP-000521,ENG-03,V003,2025-07-01,2025-07-25,INV-202507-000521,18107.15,APPROVED,Data and research subscription
ERP,ERP-000522,ENG-03,V027,2025-07-01,2025-07-30,INV-202507-000522,10512.01,APPROVED,Security assessment
ERP,ERP-000523,ENG-03,V005,2025-07-01,2025-07-11,INV-202507-000523,47250.64,APPROVED,Recruitment services
ERP,ERP-000524,ENG-03,V027,2025-07-01,2025-07-13,INV-202507-000524,8736.08,APPROVED,Travel and accommodation
ERP,ERP-000525,ENG-03,V017,2025-07-01,2025-07-17,INV-202507-000525,29891.18,APPROVED,Recruitment services
ERP,ERP-000526,ENG-03,V013,2025-07-01,2025-07-14,INV-202507-000526,13816.81,APPROVED,Data and research subscription
ERP,ERP-000527,ENG-03,V017,2025-07-01,2025-07-20,INV-202507-000527,11385.35,APPROVED,Software subscription
ERP,ERP-000528,ENG-03,V027,2025-07-01,2025-07-13,INV-202507-000528,8966.64,APPROVED,Data and research subscription
ERP,ERP-000529,ENG-03,V024,2025-07-01,2025-07-31,INV-202507-000529,29865.48,PENDING,Office and facility services
ERP,ERP-000530,ENG-03,V017,2025-08-01,2025-08-18,INV-202508-000530,11941.18,APPROVED,Data and research subscription
ERP,ERP-000531,ENG-03,V005,2025-08-01,2025-08-20,INV-202508-000531,27927.24,APPROVED,Data and research subscription
ERP,ERP-000532,ENG-03,V024,2025-08-01,2025-08-21,INV-202508-000532,9973.25,APPROVED,Recruitment services
ERP,ERP-000533,ENG-03,V001,2025-08-01,2025-08-21,INV-202508-000533,20960.75,APPROVED,Office and facility services
ERP,ERP-000534,ENG-03,V007,2025-08-01,2025-08-03,INV-202508-000534,24453.66,APPROVED,Training and certification
ERP,ERP-000535,ENG-03,V009,2025-08-01,2025-08-16,INV-202508-000535,43444.13,APPROVED,Travel and accommodation
ERP,ERP-000536,ENG-03,V030,2025-08-01,2025-08-02,INV-202508-000536,53321.21,PENDING,Security assessment
ERP,ERP-000537,ENG-03,V028,2025-08-01,2025-08-04,INV-202508-000537,10406.74,APPROVED,Data and research subscription
ERP,ERP-000538,ENG-03,V009,2025-08-01,2025-08-21,INV-202508-000538,38788.98,APPROVED,Cloud infrastructure usage
ERP,ERP-000539,ENG-03,V027,2025-08-01,2025-08-26,INV-202508-000539,30938.00,APPROVED,Recruitment services
ERP,ERP-000540,ENG-03,V015,2025-09-01,2025-09-09,INV-202509-000540,62254.61,APPROVED,Recruitment services
ERP,ERP-000541,ENG-03,V016,2025-09-01,2025-09-10,INV-202509-000541,21418.47,APPROVED,Software subscription
ERP,ERP-000542,ENG-03,V009,2025-09-01,2025-09-08,INV-202509-000542,18540.87,APPROVED,Travel and accommodation
ERP,ERP-000543,ENG-03,V019,2025-09-01,2025-09-06,INV-202509-000543,11119.30,APPROVED,Recruitment services
ERP,ERP-000544,ENG-03,V009,2025-09-01,2025-09-24,INV-202509-000544,6581.89,APPROVED,Security assessment
ERP,ERP-000545,ENG-03,V013,2025-09-01,2025-09-10,INV-202509-000545,1874.29,APPROVED,Security assessment
ERP,ERP-000546,ENG-03,V020,2025-09-01,2025-09-22,INV-202509-000546,84989.98,PENDING,Training and certification
ERP,ERP-000547,ENG-03,V025,2025-09-01,2025-09-01,INV-202509-000547,85806.88,APPROVED,Cloud infrastructure usage
ERP,ERP-000548,ENG-03,V001,2025-09-01,2025-09-21,INV-202509-000548,16683.26,APPROVED,Cloud infrastructure usage
ERP,ERP-000549,ENG-03,V013,2025-10-01,2025-10-14,INV-202510-000549,23895.56,APPROVED,Professional services
ERP,ERP-000550,ENG-03,V002,2025-10-01,2025-10-06,INV-202510-000550,95643.14,APPROVED,Security assessment
ERP,ERP-000551,ENG-03,V005,2025-10-01,2025-10-23,INV-202510-000551,41614.58,REJECTED,Software subscription
ERP,ERP-000552,ENG-03,V026,2025-10-01,2025-10-04,INV-202510-000552,14805.98,APPROVED,Security assessment
ERP,ERP-000553,ENG-03,V011,2025-10-01,2025-10-21,INV-202510-000553,27746.90,APPROVED,Cloud infrastructure usage
ERP,ERP-000554,ENG-03,V008,2025-10-01,2025-10-02,INV-202510-000554,16704.87,APPROVED,Cloud infrastructure usage
ERP,ERP-000555,ENG-03,V025,2025-11-01,2025-11-18,INV-202511-000555,68127.38,APPROVED,Professional services
ERP,ERP-000556,ENG-03,V024,2025-11-01,2025-11-08,INV-202511-000556,25202.64,PENDING,Cloud infrastructure usage
ERP,ERP-000557,ENG-03,V010,2025-11-01,2025-11-24,INV-202511-000557,51080.32,APPROVED,Software subscription
ERP,ERP-000558,ENG-03,V030,2025-11-01,2025-11-13,INV-202511-000558,22359.36,APPROVED,Recruitment services
ERP,ERP-000559,ENG-03,V012,2025-11-01,2025-11-20,INV-202511-000559,23998.51,APPROVED,Software subscription
ERP,ERP-000560,ENG-03,V022,2025-11-01,2025-11-14,INV-202511-000560,23392.00,APPROVED,Marketing campaign services
ERP,ERP-000561,ENG-03,V008,2025-11-01,2025-11-11,INV-202511-000561,3884.66,APPROVED,Security assessment
ERP,ERP-000562,ENG-03,V017,2025-11-01,2025-11-05,INV-202511-000562,51460.94,APPROVED,Security assessment
ERP,ERP-000563,ENG-03,V008,2025-12-01,2025-12-08,INV-202512-000563,21106.72,APPROVED,Software subscription
ERP,ERP-000564,ENG-03,V001,2025-12-01,2025-12-10,INV-202512-000564,22914.99,APPROVED,Cloud infrastructure usage
ERP,ERP-000565,ENG-03,V006,2025-12-01,2025-12-27,INV-202512-000565,97955.29,APPROVED,Software subscription
ERP,ERP-000566,ENG-03,V027,2025-12-01,2025-12-01,INV-202512-000566,28835.80,APPROVED,Professional services
ERP,ERP-000567,ENG-03,V022,2025-12-01,2025-12-29,INV-202512-000567,4910.59,APPROVED,Security assessment
ERP,ERP-000568,ENG-03,V020,2025-12-01,2025-12-21,INV-202512-000568,8287.29,PENDING,Marketing campaign services
ERP,ERP-000569,ENG-03,V014,2025-12-01,2025-12-21,INV-202512-000569,91459.54,APPROVED,Marketing campaign services
ERP,ERP-000570,ENG-03,V026,2025-12-01,2025-12-18,INV-202512-000570,10615.91,PENDING,Professional services
ERP,ERP-000571,ENG-03,V021,2025-12-01,2025-12-02,INV-202512-000571,18776.24,APPROVED,Recruitment services
ERP,ERP-000572,SALES-01,V028,2025-01-01,2025-01-12,INV-202501-000572,11631.67,REJECTED,Security assessment
ERP,ERP-000573,SALES-01,V011,2025-01-01,2025-01-08,INV-202501-000573,14672.04,APPROVED,Recruitment services
ERP,ERP-000574,SALES-01,V021,2025-01-01,2025-01-15,INV-202501-000574,954.64,APPROVED,Software subscription
ERP,ERP-000575,SALES-01,V025,2025-01-01,2025-01-15,INV-202501-000575,17065.45,APPROVED,Professional services
ERP,ERP-000576,SALES-01,V030,2025-01-01,2025-01-03,INV-202501-000576,36264.49,APPROVED,Security assessment
ERP,ERP-000577,SALES-01,V014,2025-01-01,2025-01-11,INV-202501-000577,6703.54,APPROVED,Professional services
ERP,ERP-000578,SALES-01,V003,2025-01-01,2025-01-18,INV-202501-000578,4054.87,APPROVED,Cloud infrastructure usage
ERP,ERP-000579,SALES-01,V026,2025-01-01,2025-01-15,INV-202501-000579,4326.04,REJECTED,Recruitment services
ERP,ERP-000580,SALES-01,V011,2025-01-01,2025-01-12,INV-202501-000580,7102.67,APPROVED,Office and facility services
ERP,ERP-000581,SALES-01,V002,2025-02-01,2025-02-24,INV-202502-000581,17680.97,APPROVED,Professional services
ERP,ERP-000582,SALES-01,V006,2025-02-01,2025-02-04,INV-202502-000582,19061.54,APPROVED,Software subscription
ERP,ERP-000583,SALES-01,V004,2025-02-01,2025-02-24,INV-202502-000583,29022.42,APPROVED,Marketing campaign services
ERP,ERP-000584,SALES-01,V014,2025-02-01,2025-02-08,INV-202502-000584,14610.23,PENDING,Software subscription
ERP,ERP-000585,SALES-01,V004,2025-02-01,2025-02-24,INV-202502-000585,9825.46,APPROVED,Recruitment services
ERP,ERP-000586,SALES-01,V001,2025-03-01,2025-03-26,INV-202503-000586,9439.35,APPROVED,Marketing campaign services
ERP,ERP-000587,SALES-01,V008,2025-03-01,2025-03-10,INV-202503-000587,1599.42,APPROVED,Professional services
ERP,ERP-000588,SALES-01,V006,2025-03-01,2025-03-03,INV-202503-000588,17688.72,APPROVED,Office and facility services
ERP,ERP-000589,SALES-01,V015,2025-03-01,2025-03-16,INV-202503-000589,3627.52,APPROVED,Marketing campaign services
ERP,ERP-000590,SALES-01,V011,2025-03-01,2025-03-29,INV-202503-000590,23788.35,APPROVED,Data and research subscription
ERP,ERP-000591,SALES-01,V029,2025-03-01,2025-03-20,INV-202503-000591,20150.32,APPROVED,Cloud infrastructure usage
ERP,ERP-000592,SALES-01,V023,2025-03-01,2025-03-09,INV-202503-000592,21614.39,APPROVED,Office and facility services
ERP,ERP-000593,SALES-01,V011,2025-03-01,2025-03-03,INV-202503-000593,7993.23,APPROVED,Cloud infrastructure usage
ERP,ERP-000594,SALES-01,V025,2025-04-01,2025-04-23,INV-202504-000594,10202.76,APPROVED,Security assessment
ERP,ERP-000595,SALES-01,V008,2025-04-01,2025-04-26,INV-202504-000595,26259.60,APPROVED,Professional services
ERP,ERP-000596,SALES-01,V022,2025-04-01,2025-04-28,INV-202504-000596,26691.01,REJECTED,Training and certification
ERP,ERP-000597,SALES-01,V026,2025-04-01,2025-04-14,INV-202504-000597,2097.36,APPROVED,Office and facility services
ERP,ERP-000598,SALES-01,V014,2025-04-01,2025-04-17,INV-202504-000598,19093.45,PENDING,Data and research subscription
ERP,ERP-000599,SALES-01,V007,2025-04-01,2025-04-29,INV-202504-000599,638.26,APPROVED,Professional services
ERP,ERP-000600,SALES-01,V028,2025-04-01,2025-04-09,INV-202504-000600,43598.26,APPROVED,Cloud infrastructure usage
ERP,ERP-000601,SALES-01,V001,2025-04-01,2025-04-23,INV-202504-000601,17072.69,APPROVED,Recruitment services
ERP,ERP-000602,SALES-01,V024,2025-05-01,2025-05-15,INV-202505-000602,12002.82,PENDING,Professional services
ERP,ERP-000603,SALES-01,V016,2025-05-01,2025-05-17,INV-202505-000603,2374.79,APPROVED,Data and research subscription
ERP,ERP-000604,SALES-01,V025,2025-05-01,2025-05-14,INV-202505-000604,35051.85,PENDING,Office and facility services
ERP,ERP-000605,SALES-01,V013,2025-05-01,2025-05-14,INV-202505-000605,7823.93,APPROVED,Data and research subscription
ERP,ERP-000606,SALES-01,V017,2025-05-01,2025-05-21,INV-202505-000606,48869.89,APPROVED,Travel and accommodation
ERP,ERP-000607,SALES-01,V029,2025-06-01,2025-06-09,INV-202506-000607,17954.84,APPROVED,Professional services
ERP,ERP-000608,SALES-01,V029,2025-06-01,2025-06-30,INV-202506-000608,32485.87,PENDING,Recruitment services
ERP,ERP-000609,SALES-01,V004,2025-06-01,2025-06-10,INV-202506-000609,4142.92,APPROVED,Recruitment services
ERP,ERP-000610,SALES-01,V028,2025-06-01,2025-06-20,INV-202506-000610,22738.60,APPROVED,Cloud infrastructure usage
ERP,ERP-000611,SALES-01,V008,2025-06-01,2025-06-04,INV-202506-000611,26840.91,APPROVED,Training and certification
ERP,ERP-000612,SALES-01,V002,2025-06-01,2025-06-09,INV-202506-000612,688.51,APPROVED,Training and certification
ERP,ERP-000613,SALES-01,V025,2025-06-01,2025-06-09,INV-202506-000613,10239.19,APPROVED,Security assessment
ERP,ERP-000614,SALES-01,V002,2025-07-01,2025-07-02,INV-202507-000614,5022.48,APPROVED,Security assessment
ERP,ERP-000615,SALES-01,V029,2025-07-01,2025-07-01,INV-202507-000615,42333.58,APPROVED,Software subscription
ERP,ERP-000616,SALES-01,V001,2025-07-01,2025-07-06,INV-202507-000616,44829.45,PENDING,Recruitment services
ERP,ERP-000617,SALES-01,V002,2025-07-01,2025-07-25,INV-202507-000617,1092.70,REJECTED,Security assessment
ERP,ERP-000618,SALES-01,V010,2025-07-01,2025-07-14,INV-202507-000618,13494.00,APPROVED,Cloud infrastructure usage
ERP,ERP-000619,SALES-01,V016,2025-07-01,2025-07-03,INV-202507-000619,8993.14,APPROVED,Data and research subscription
ERP,ERP-000620,SALES-01,V008,2025-08-01,2025-08-17,INV-202508-000620,1967.55,APPROVED,Professional services
ERP,ERP-000621,SALES-01,V001,2025-08-01,2025-08-05,INV-202508-000621,16904.87,APPROVED,Training and certification
ERP,ERP-000622,SALES-01,V022,2025-08-01,2025-08-09,INV-202508-000622,5935.07,APPROVED,Training and certification
ERP,ERP-000623,SALES-01,V006,2025-08-01,2025-08-20,INV-202508-000623,9244.00,APPROVED,Cloud infrastructure usage
ERP,ERP-000624,SALES-01,V024,2025-08-01,2025-08-24,INV-202508-000624,8901.94,PENDING,Professional services
ERP,ERP-000625,SALES-01,V020,2025-08-01,2025-08-17,INV-202508-000625,21962.38,APPROVED,Security assessment
ERP,ERP-000626,SALES-01,V028,2025-08-01,2025-08-16,INV-202508-000626,18733.30,PENDING,Data and research subscription
ERP,ERP-000627,SALES-01,V022,2025-08-01,2025-08-06,INV-202508-000627,718.68,APPROVED,Security assessment
ERP,ERP-000628,SALES-01,V017,2025-08-01,2025-08-16,INV-202508-000628,890.97,APPROVED,Cloud infrastructure usage
ERP,ERP-000629,SALES-01,V013,2025-08-01,2025-08-24,INV-202508-000629,4955.96,REJECTED,Cloud infrastructure usage
ERP,ERP-000630,SALES-01,V029,2025-08-01,2025-08-26,INV-202508-000630,14566.41,APPROVED,Security assessment
ERP,ERP-000631,SALES-01,V026,2025-09-01,2025-09-10,INV-202509-000631,12182.45,APPROVED,Travel and accommodation
ERP,ERP-000632,SALES-01,V005,2025-09-01,2025-09-05,INV-202509-000632,8777.36,APPROVED,Professional services
ERP,ERP-000633,SALES-01,V028,2025-09-01,2025-09-29,INV-202509-000633,20607.66,APPROVED,Marketing campaign services
ERP,ERP-000634,SALES-01,V030,2025-09-01,2025-09-20,INV-202509-000634,50693.57,PENDING,Data and research subscription
ERP,ERP-000635,SALES-01,V029,2025-09-01,2025-09-14,INV-202509-000635,16576.52,PENDING,Security assessment
ERP,ERP-000636,SALES-01,V029,2025-09-01,2025-09-12,INV-202509-000636,10656.59,APPROVED,Travel and accommodation
ERP,ERP-000637,SALES-01,V029,2025-09-01,2025-09-06,INV-202509-000637,14746.81,APPROVED,Security assessment
ERP,ERP-000638,SALES-01,V026,2025-10-01,2025-10-23,INV-202510-000638,5676.89,APPROVED,Cloud infrastructure usage
ERP,ERP-000639,SALES-01,V018,2025-10-01,2025-10-18,INV-202510-000639,29011.63,APPROVED,Professional services
ERP,ERP-000640,SALES-01,V017,2025-10-01,2025-10-17,INV-202510-000640,2230.17,APPROVED,Security assessment
ERP,ERP-000641,SALES-01,V009,2025-10-01,2025-10-21,INV-202510-000641,8350.57,APPROVED,Cloud infrastructure usage
ERP,ERP-000642,SALES-01,V014,2025-10-01,2025-10-15,INV-202510-000642,15477.31,APPROVED,Training and certification
ERP,ERP-000643,SALES-01,V022,2025-10-01,2025-10-02,INV-202510-000643,21091.23,APPROVED,Recruitment services
ERP,ERP-000644,SALES-01,V014,2025-10-01,2025-10-13,INV-202510-000644,8728.04,APPROVED,Professional services
ERP,ERP-000645,SALES-01,V011,2025-11-01,2025-11-25,INV-202511-000645,26891.46,APPROVED,Data and research subscription
ERP,ERP-000646,SALES-01,V003,2025-11-01,2025-11-14,INV-202511-000646,5512.95,APPROVED,Recruitment services
ERP,ERP-000647,SALES-01,V011,2025-11-01,2025-11-19,INV-202511-000647,39985.05,REJECTED,Marketing campaign services
ERP,ERP-000648,SALES-01,V010,2025-11-01,2025-11-09,INV-202511-000648,10681.81,PENDING,Office and facility services
ERP,ERP-000649,SALES-01,V001,2025-11-01,2025-11-07,INV-202511-000649,6196.83,APPROVED,Marketing campaign services
ERP,ERP-000650,SALES-01,V022,2025-11-01,2025-11-30,INV-202511-000650,28834.90,PENDING,Travel and accommodation
ERP,ERP-000651,SALES-01,V012,2025-12-01,2025-12-21,INV-202512-000651,5893.31,APPROVED,Data and research subscription
ERP,ERP-000652,SALES-01,V025,2025-12-01,2025-12-22,INV-202512-000652,21840.21,APPROVED,Security assessment
ERP,ERP-000653,SALES-01,V009,2025-12-01,2025-12-15,INV-202512-000653,9684.87,APPROVED,Marketing campaign services
ERP,ERP-000654,SALES-01,V027,2025-12-01,2025-12-13,INV-202512-000654,7068.19,PENDING,Software subscription
ERP,ERP-000655,SALES-01,V029,2025-12-01,2025-12-16,INV-202512-000655,18323.76,PENDING,Marketing campaign services
ERP,ERP-000656,SALES-01,V020,2025-12-01,2025-12-07,INV-202512-000656,14788.02,PENDING,Training and certification
ERP,ERP-000657,SALES-01,V022,2025-12-01,2025-12-18,INV-202512-000657,19514.12,PENDING,Cloud infrastructure usage
ERP,ERP-000658,SALES-01,V020,2025-12-01,2025-12-22,INV-202512-000658,18257.68,APPROVED,Training and certification
ERP,ERP-000659,SALES-01,V024,2025-12-01,2025-12-28,INV-202512-000659,13634.12,APPROVED,Training and certification
ERP,ERP-000660,SALES-01,V014,2025-12-01,2025-12-12,INV-202512-000660,2934.14,APPROVED,Professional services
ERP,ERP-000661,SALES-01,V028,2025-12-01,2025-12-01,INV-202512-000661,15111.65,APPROVED,Security assessment
ERP,ERP-000662,SALES-02,V009,2025-01-01,2025-01-15,INV-202501-000662,11158.22,APPROVED,Marketing campaign services
ERP,ERP-000663,SALES-02,V003,2025-01-01,2025-01-10,INV-202501-000663,7399.21,APPROVED,Professional services
ERP,ERP-000664,SALES-02,V019,2025-01-01,2025-01-09,INV-202501-000664,19613.02,APPROVED,Professional services
ERP,ERP-000665,SALES-02,V017,2025-01-01,2025-01-18,INV-202501-000665,12279.44,APPROVED,Travel and accommodation
ERP,ERP-000666,SALES-02,V026,2025-01-01,2025-01-05,INV-202501-000666,13347.24,APPROVED,Software subscription
ERP,ERP-000667,SALES-02,V008,2025-01-01,2025-01-28,INV-202501-000667,3297.89,APPROVED,Marketing campaign services
ERP,ERP-000668,SALES-02,V026,2025-01-01,2025-01-20,INV-202501-000668,16118.18,APPROVED,Office and facility services
ERP,ERP-000669,SALES-02,V017,2025-01-01,2025-01-30,INV-202501-000669,15621.73,APPROVED,Professional services
ERP,ERP-000670,SALES-02,V017,2025-01-01,2025-01-03,INV-202501-000670,4721.10,APPROVED,Training and certification
ERP,ERP-000671,SALES-02,V006,2025-02-01,2025-02-16,INV-202502-000671,20659.81,APPROVED,Recruitment services
ERP,ERP-000672,SALES-02,V006,2025-02-01,2025-02-09,INV-202502-000672,17543.93,PENDING,Marketing campaign services
ERP,ERP-000673,SALES-02,V002,2025-02-01,2025-02-15,INV-202502-000673,521.53,APPROVED,Office and facility services
ERP,ERP-000674,SALES-02,V004,2025-02-01,2025-02-27,INV-202502-000674,25405.28,PENDING,Training and certification
ERP,ERP-000675,SALES-02,V019,2025-02-01,2025-02-13,INV-202502-000675,41335.29,PENDING,Software subscription
ERP,ERP-000676,SALES-02,V016,2025-02-01,2025-02-19,INV-202502-000676,5162.06,APPROVED,Marketing campaign services
ERP,ERP-000677,SALES-02,V010,2025-02-01,2025-02-08,INV-202502-000677,4200.04,APPROVED,Recruitment services
ERP,ERP-000678,SALES-02,V002,2025-03-01,2025-03-22,INV-202503-000678,13793.71,APPROVED,Data and research subscription
ERP,ERP-000679,SALES-02,V006,2025-03-01,2025-03-19,INV-202503-000679,5907.17,APPROVED,Cloud infrastructure usage
ERP,ERP-000680,SALES-02,V012,2025-03-01,2025-03-08,INV-202503-000680,51739.24,APPROVED,Recruitment services
ERP,ERP-000681,SALES-02,V011,2025-03-01,2025-03-27,INV-202503-000681,16643.67,APPROVED,Training and certification
ERP,ERP-000682,SALES-02,V029,2025-03-01,2025-03-21,INV-202503-000682,19648.05,APPROVED,Cloud infrastructure usage
ERP,ERP-000683,SALES-02,V004,2025-03-01,2025-03-01,INV-202503-000683,33196.67,APPROVED,Professional services
ERP,ERP-000684,SALES-02,V016,2025-03-01,2025-03-12,INV-202503-000684,18488.29,APPROVED,Marketing campaign services
ERP,ERP-000685,SALES-02,V011,2025-03-01,2025-03-20,INV-202503-000685,8309.23,APPROVED,Cloud infrastructure usage
ERP,ERP-000686,SALES-02,V003,2025-04-01,2025-04-30,INV-202504-000686,6233.43,APPROVED,Professional services
ERP,ERP-000687,SALES-02,V007,2025-04-01,2025-04-11,INV-202504-000687,1745.61,APPROVED,Marketing campaign services
ERP,ERP-000688,SALES-02,V029,2025-04-01,2025-04-08,INV-202504-000688,11069.91,APPROVED,Cloud infrastructure usage
ERP,ERP-000689,SALES-02,V015,2025-04-01,2025-04-17,INV-202504-000689,16419.32,APPROVED,Cloud infrastructure usage
ERP,ERP-000690,SALES-02,V023,2025-04-01,2025-04-02,INV-202504-000690,11617.09,APPROVED,Professional services
ERP,ERP-000691,SALES-02,V027,2025-04-01,2025-04-06,INV-202504-000691,6454.67,APPROVED,Marketing campaign services
ERP,ERP-000692,SALES-02,V018,2025-04-01,2025-04-12,INV-202504-000692,33616.44,PENDING,Cloud infrastructure usage
ERP,ERP-000693,SALES-02,V023,2025-05-01,2025-05-18,INV-202505-000693,9060.50,APPROVED,Professional services
ERP,ERP-000694,SALES-02,V026,2025-05-01,2025-05-13,INV-202505-000694,25444.20,APPROVED,Marketing campaign services
ERP,ERP-000695,SALES-02,V002,2025-05-01,2025-05-31,INV-202505-000695,6621.55,PENDING,Marketing campaign services
ERP,ERP-000696,SALES-02,V009,2025-05-01,2025-05-03,INV-202505-000696,12022.62,APPROVED,Training and certification
ERP,ERP-000697,SALES-02,V011,2025-05-01,2025-05-05,INV-202505-000697,6537.14,APPROVED,Professional services
ERP,ERP-000698,SALES-02,V018,2025-05-01,2025-05-29,INV-202505-000698,12228.42,APPROVED,Training and certification
ERP,ERP-000699,SALES-02,V014,2025-05-01,2025-05-12,INV-202505-000699,3635.29,APPROVED,Training and certification
ERP,ERP-000700,SALES-02,V021,2025-05-01,2025-05-27,INV-202505-000700,12892.37,APPROVED,Software subscription
ERP,ERP-000701,SALES-02,V026,2025-05-01,2025-05-18,INV-202505-000701,4858.26,APPROVED,Data and research subscription
ERP,ERP-000702,SALES-02,V004,2025-06-01,2025-06-11,INV-202506-000702,8340.69,PENDING,Office and facility services
ERP,ERP-000703,SALES-02,V017,2025-06-01,2025-06-05,INV-202506-000703,22078.87,APPROVED,Travel and accommodation
ERP,ERP-000704,SALES-02,V008,2025-06-01,2025-06-30,INV-202506-000704,8817.60,APPROVED,Marketing campaign services
ERP,ERP-000705,SALES-02,V021,2025-06-01,2025-06-28,INV-202506-000705,13725.31,APPROVED,Travel and accommodation
ERP,ERP-000706,SALES-02,V011,2025-06-01,2025-06-11,INV-202506-000706,15309.28,REJECTED,Professional services
ERP,ERP-000707,SALES-02,V004,2025-06-01,2025-06-26,INV-202506-000707,5850.41,PENDING,Data and research subscription
ERP,ERP-000708,SALES-02,V011,2025-06-01,2025-06-07,INV-202506-000708,7183.88,APPROVED,Training and certification
ERP,ERP-000709,SALES-02,V028,2025-06-01,2025-06-07,INV-202506-000709,4228.43,APPROVED,Travel and accommodation
ERP,ERP-000710,SALES-02,V028,2025-06-01,2025-06-04,INV-202506-000710,6861.24,PENDING,Security assessment
ERP,ERP-000711,SALES-02,V020,2025-07-01,2025-07-19,INV-202507-000711,12814.31,APPROVED,Security assessment
ERP,ERP-000712,SALES-02,V013,2025-07-01,2025-07-12,INV-202507-000712,2434.63,APPROVED,Data and research subscription
ERP,ERP-000713,SALES-02,V012,2025-07-01,2025-07-12,INV-202507-000713,7661.68,APPROVED,Office and facility services
ERP,ERP-000714,SALES-02,V017,2025-07-01,2025-07-17,INV-202507-000714,10673.98,APPROVED,Recruitment services
ERP,ERP-000715,SALES-02,V013,2025-07-01,2025-07-25,INV-202507-000715,25330.46,APPROVED,Training and certification
ERP,ERP-000716,SALES-02,V022,2025-07-01,2025-07-29,INV-202507-000716,13374.45,REJECTED,Recruitment services
ERP,ERP-000717,SALES-02,V029,2025-07-01,2025-07-04,INV-202507-000717,1871.40,REJECTED,Marketing campaign services
ERP,ERP-000718,SALES-02,V028,2025-07-01,2025-07-15,INV-202507-000718,14867.95,APPROVED,Marketing campaign services
ERP,ERP-000719,SALES-02,V002,2025-08-01,2025-08-08,INV-202508-000719,1297.29,APPROVED,Security assessment
ERP,ERP-000720,SALES-02,V006,2025-08-01,2025-08-11,INV-202508-000720,39386.14,APPROVED,Training and certification
ERP,ERP-000721,SALES-02,V022,2025-08-01,2025-08-04,INV-202508-000721,21490.09,APPROVED,Office and facility services
ERP,ERP-000722,SALES-02,V007,2025-08-01,2025-08-29,INV-202508-000722,1799.53,APPROVED,Training and certification
ERP,ERP-000723,SALES-02,V025,2025-08-01,2025-08-10,INV-202508-000723,19703.48,APPROVED,Marketing campaign services
ERP,ERP-000724,SALES-02,V025,2025-08-01,2025-08-17,INV-202508-000724,5912.48,PENDING,Recruitment services
ERP,ERP-000725,SALES-02,V022,2025-08-01,2025-08-15,INV-202508-000725,555.39,APPROVED,Office and facility services
ERP,ERP-000726,SALES-02,V022,2025-09-01,2025-09-14,INV-202509-000726,3821.67,APPROVED,Software subscription
ERP,ERP-000727,SALES-02,V002,2025-09-01,2025-09-03,INV-202509-000727,18420.55,APPROVED,Marketing campaign services
ERP,ERP-000728,SALES-02,V027,2025-09-01,2025-09-10,INV-202509-000728,44179.28,PENDING,Cloud infrastructure usage
ERP,ERP-000729,SALES-02,V025,2025-09-01,2025-09-02,INV-202509-000729,12206.03,APPROVED,Cloud infrastructure usage
ERP,ERP-000730,SALES-02,V012,2025-09-01,2025-09-12,INV-202509-000730,7936.38,APPROVED,Recruitment services
ERP,ERP-000731,SALES-02,V002,2025-09-01,2025-09-20,INV-202509-000731,5682.97,APPROVED,Office and facility services
ERP,ERP-000732,SALES-02,V014,2025-09-01,2025-09-19,INV-202509-000732,23775.67,APPROVED,Data and research subscription
ERP,ERP-000733,SALES-02,V021,2025-09-01,2025-09-07,INV-202509-000733,10933.47,APPROVED,Travel and accommodation
ERP,ERP-000734,SALES-02,V022,2025-10-01,2025-10-01,INV-202510-000734,3475.29,APPROVED,Professional services
ERP,ERP-000735,SALES-02,V011,2025-10-01,2025-10-28,INV-202510-000735,2549.48,APPROVED,Professional services
ERP,ERP-000736,SALES-02,V013,2025-10-01,2025-10-16,INV-202510-000736,7064.48,PENDING,Data and research subscription
ERP,ERP-000737,SALES-02,V015,2025-10-01,2025-10-10,INV-202510-000737,2949.53,APPROVED,Professional services
ERP,ERP-000738,SALES-02,V004,2025-10-01,2025-10-17,INV-202510-000738,4925.53,PENDING,Travel and accommodation
ERP,ERP-000739,SALES-02,V026,2025-10-01,2025-10-22,INV-202510-000739,2591.91,APPROVED,Recruitment services
ERP,ERP-000740,SALES-02,V004,2025-10-01,2025-10-15,INV-202510-000740,25933.04,PENDING,Professional services
ERP,ERP-000741,SALES-02,V024,2025-10-01,2025-10-28,INV-202510-000741,37410.68,APPROVED,Travel and accommodation
ERP,ERP-000742,SALES-02,V030,2025-10-01,2025-10-08,INV-202510-000742,4458.83,PENDING,Office and facility services
ERP,ERP-000743,SALES-02,V010,2025-10-01,2025-10-01,INV-202510-000743,6272.58,APPROVED,Recruitment services
ERP,ERP-000744,SALES-02,V007,2025-10-01,2025-10-17,INV-202510-000744,6948.09,APPROVED,Office and facility services
ERP,ERP-000745,SALES-02,V004,2025-11-01,2025-11-15,INV-202511-000745,24603.83,APPROVED,Professional services
ERP,ERP-000746,SALES-02,V016,2025-11-01,2025-11-15,INV-202511-000746,24144.36,APPROVED,Marketing campaign services
ERP,ERP-000747,SALES-02,V004,2025-11-01,2025-11-10,INV-202511-000747,7580.71,APPROVED,Software subscription
ERP,ERP-000748,SALES-02,V009,2025-11-01,2025-11-12,INV-202511-000748,7463.13,APPROVED,Software subscription
ERP,ERP-000749,SALES-02,V016,2025-11-01,2025-11-07,INV-202511-000749,7295.02,APPROVED,Professional services
ERP,ERP-000750,SALES-02,V026,2025-11-01,2025-11-01,INV-202511-000750,1790.81,APPROVED,Travel and accommodation
ERP,ERP-000751,SALES-02,V020,2025-12-01,2025-12-18,INV-202512-000751,4317.70,PENDING,Data and research subscription
ERP,ERP-000752,SALES-02,V002,2025-12-01,2025-12-17,INV-202512-000752,9251.11,APPROVED,Data and research subscription
ERP,ERP-000753,SALES-02,V004,2025-12-01,2025-12-23,INV-202512-000753,6708.44,APPROVED,Marketing campaign services
ERP,ERP-000754,SALES-02,V025,2025-12-01,2025-12-24,INV-202512-000754,36012.03,APPROVED,Security assessment
ERP,ERP-000755,SALES-02,V013,2025-12-01,2025-12-04,INV-202512-000755,8547.11,APPROVED,Office and facility services
ERP,ERP-000756,SALES-02,V013,2025-12-01,2025-12-31,INV-202512-000756,6732.44,APPROVED,Security assessment
ERP,ERP-000757,SALES-02,V011,2025-12-01,2025-12-17,INV-202512-000757,39315.02,APPROVED,Security assessment
ERP,ERP-000758,SALES-03,V013,2025-01-01,2025-01-11,INV-202501-000758,25296.50,REJECTED,Software subscription
ERP,ERP-000759,SALES-03,V011,2025-01-01,2025-01-05,INV-202501-000759,33866.29,REJECTED,Training and certification
ERP,ERP-000760,SALES-03,V028,2025-01-01,2025-01-31,INV-202501-000760,35079.75,APPROVED,Travel and accommodation
ERP,ERP-000761,SALES-03,V017,2025-01-01,2025-01-22,INV-202501-000761,16333.77,APPROVED,Marketing campaign services
ERP,ERP-000762,SALES-03,V027,2025-01-01,2025-01-24,INV-202501-000762,12002.93,APPROVED,Training and certification
ERP,ERP-000763,SALES-03,V008,2025-01-01,2025-01-14,INV-202501-000763,23784.81,APPROVED,Security assessment
ERP,ERP-000764,SALES-03,V020,2025-02-01,2025-02-05,INV-202502-000764,9898.98,APPROVED,Recruitment services
ERP,ERP-000765,SALES-03,V016,2025-02-01,2025-02-05,INV-202502-000765,14558.66,APPROVED,Office and facility services
ERP,ERP-000766,SALES-03,V020,2025-02-01,2025-02-23,INV-202502-000766,16272.31,APPROVED,Recruitment services
ERP,ERP-000767,SALES-03,V015,2025-02-01,2025-02-22,INV-202502-000767,9618.03,APPROVED,Data and research subscription
ERP,ERP-000768,SALES-03,V024,2025-02-01,2025-02-24,INV-202502-000768,3554.18,APPROVED,Training and certification
ERP,ERP-000769,SALES-03,V017,2025-02-01,2025-02-09,INV-202502-000769,23993.84,PENDING,Recruitment services
ERP,ERP-000770,SALES-03,V015,2025-02-01,2025-02-23,INV-202502-000770,16632.03,APPROVED,Recruitment services
ERP,ERP-000771,SALES-03,V027,2025-02-01,2025-02-24,INV-202502-000771,25630.43,PENDING,Training and certification
ERP,ERP-000772,SALES-03,V027,2025-02-01,2025-02-27,INV-202502-000772,44764.79,APPROVED,Travel and accommodation
ERP,ERP-000773,SALES-03,V011,2025-02-01,2025-02-07,INV-202502-000773,36628.01,APPROVED,Travel and accommodation
ERP,ERP-000774,SALES-03,V021,2025-02-01,2025-02-10,INV-202502-000774,8852.63,APPROVED,Marketing campaign services
ERP,ERP-000775,SALES-03,V016,2025-03-01,2025-03-04,INV-202503-000775,22202.12,APPROVED,Office and facility services
ERP,ERP-000776,SALES-03,V028,2025-03-01,2025-03-21,INV-202503-000776,65621.97,APPROVED,Marketing campaign services
ERP,ERP-000777,SALES-03,V011,2025-03-01,2025-03-07,INV-202503-000777,7267.47,APPROVED,Office and facility services
ERP,ERP-000778,SALES-03,V019,2025-03-01,2025-03-14,INV-202503-000778,31096.00,APPROVED,Office and facility services
ERP,ERP-000779,SALES-03,V013,2025-03-01,2025-03-07,INV-202503-000779,73396.45,PENDING,Recruitment services
ERP,ERP-000780,SALES-03,V027,2025-03-01,2025-03-14,INV-202503-000780,29291.59,REJECTED,Marketing campaign services
ERP,ERP-000781,SALES-03,V003,2025-04-01,2025-04-11,INV-202504-000781,35152.41,APPROVED,Cloud infrastructure usage
ERP,ERP-000782,SALES-03,V015,2025-04-01,2025-04-01,INV-202504-000782,55330.32,PENDING,Office and facility services
ERP,ERP-000783,SALES-03,V009,2025-04-01,2025-04-29,INV-202504-000783,9062.32,APPROVED,Data and research subscription
ERP,ERP-000784,SALES-03,V025,2025-04-01,2025-04-06,INV-202504-000784,15584.84,APPROVED,Software subscription
ERP,ERP-000785,SALES-03,V009,2025-04-01,2025-04-22,INV-202504-000785,12112.59,APPROVED,Data and research subscription
ERP,ERP-000786,SALES-03,V016,2025-04-01,2025-04-14,INV-202504-000786,73828.39,APPROVED,Recruitment services
ERP,ERP-000787,SALES-03,V009,2025-04-01,2025-04-22,INV-202504-000787,11551.65,REJECTED,Cloud infrastructure usage
ERP,ERP-000788,SALES-03,V022,2025-04-01,2025-04-05,INV-202504-000788,3567.90,REJECTED,Professional services
ERP,ERP-000789,SALES-03,V010,2025-05-01,2025-05-17,INV-202505-000789,15969.91,PENDING,Recruitment services
ERP,ERP-000790,SALES-03,V003,2025-05-01,2025-05-04,INV-202505-000790,18119.22,APPROVED,Marketing campaign services
ERP,ERP-000791,SALES-03,V017,2025-05-01,2025-05-08,INV-202505-000791,20390.92,APPROVED,Software subscription
ERP,ERP-000792,SALES-03,V025,2025-05-01,2025-05-25,INV-202505-000792,26196.04,PENDING,Office and facility services
ERP,ERP-000793,SALES-03,V024,2025-05-01,2025-05-06,INV-202505-000793,7411.77,APPROVED,Data and research subscription
ERP,ERP-000794,SALES-03,V028,2025-05-01,2025-05-29,INV-202505-000794,8269.12,APPROVED,Software subscription
ERP,ERP-000795,SALES-03,V003,2025-05-01,2025-05-12,INV-202505-000795,43019.86,APPROVED,Professional services
ERP,ERP-000796,SALES-03,V018,2025-05-01,2025-05-29,INV-202505-000796,14381.42,PENDING,Professional services
ERP,ERP-000797,SALES-03,V014,2025-06-01,2025-06-18,INV-202506-000797,64900.86,APPROVED,Cloud infrastructure usage
ERP,ERP-000798,SALES-03,V005,2025-06-01,2025-06-24,INV-202506-000798,15530.78,APPROVED,Software subscription
ERP,ERP-000799,SALES-03,V014,2025-06-01,2025-06-20,INV-202506-000799,73340.30,APPROVED,Recruitment services
ERP,ERP-000800,SALES-03,V027,2025-06-01,2025-06-19,INV-202506-000800,49658.53,PENDING,Professional services
ERP,ERP-000801,SALES-03,V018,2025-06-01,2025-06-16,INV-202506-000801,42934.19,PENDING,Security assessment
ERP,ERP-000802,SALES-03,V005,2025-07-01,2025-07-16,INV-202507-000802,43471.84,APPROVED,Office and facility services
ERP,ERP-000803,SALES-03,V011,2025-07-01,2025-07-15,INV-202507-000803,5984.90,APPROVED,Marketing campaign services
ERP,ERP-000804,SALES-03,V011,2025-07-01,2025-07-27,INV-202507-000804,47917.53,APPROVED,Professional services
ERP,ERP-000805,SALES-03,V009,2025-07-01,2025-07-30,INV-202507-000805,33494.70,APPROVED,Training and certification
ERP,ERP-000806,SALES-03,V016,2025-07-01,2025-07-18,INV-202507-000806,19277.49,APPROVED,Marketing campaign services
ERP,ERP-000807,SALES-03,V012,2025-08-01,2025-08-19,INV-202508-000807,2176.95,APPROVED,Training and certification
ERP,ERP-000808,SALES-03,V010,2025-08-01,2025-08-22,INV-202508-000808,14035.13,PENDING,Data and research subscription
ERP,ERP-000809,SALES-03,V023,2025-08-01,2025-08-20,INV-202508-000809,8192.67,APPROVED,Marketing campaign services
ERP,ERP-000810,SALES-03,V027,2025-08-01,2025-08-22,INV-202508-000810,43724.54,PENDING,Cloud infrastructure usage
ERP,ERP-000811,SALES-03,V029,2025-08-01,2025-08-06,INV-202508-000811,19213.71,APPROVED,Software subscription
ERP,ERP-000812,SALES-03,V021,2025-08-01,2025-08-02,INV-202508-000812,14295.70,REJECTED,Software subscription
ERP,ERP-000813,SALES-03,V004,2025-08-01,2025-08-11,INV-202508-000813,18290.17,APPROVED,Recruitment services
ERP,ERP-000814,SALES-03,V013,2025-08-01,2025-08-21,INV-202508-000814,17106.50,APPROVED,Data and research subscription
ERP,ERP-000815,SALES-03,V018,2025-08-01,2025-08-30,INV-202508-000815,48620.28,PENDING,Training and certification
ERP,ERP-000816,SALES-03,V026,2025-09-01,2025-09-20,INV-202509-000816,10288.88,APPROVED,Travel and accommodation
ERP,ERP-000817,SALES-03,V019,2025-09-01,2025-09-18,INV-202509-000817,97000.71,PENDING,Recruitment services
ERP,ERP-000818,SALES-03,V021,2025-09-01,2025-09-17,INV-202509-000818,30873.15,REJECTED,Travel and accommodation
ERP,ERP-000819,SALES-03,V030,2025-09-01,2025-09-18,INV-202509-000819,98307.28,APPROVED,Travel and accommodation
ERP,ERP-000820,SALES-03,V021,2025-09-01,2025-09-16,INV-202509-000820,15478.54,APPROVED,Professional services
ERP,ERP-000821,SALES-03,V027,2025-10-01,2025-10-27,INV-202510-000821,25590.91,PENDING,Cloud infrastructure usage
ERP,ERP-000822,SALES-03,V001,2025-10-01,2025-10-11,INV-202510-000822,8416.57,APPROVED,Software subscription
ERP,ERP-000823,SALES-03,V012,2025-10-01,2025-10-23,INV-202510-000823,2277.76,APPROVED,Professional services
ERP,ERP-000824,SALES-03,V026,2025-10-01,2025-10-12,INV-202510-000824,24008.66,APPROVED,Recruitment services
ERP,ERP-000825,SALES-03,V024,2025-10-01,2025-10-31,INV-202510-000825,25782.07,APPROVED,Recruitment services
ERP,ERP-000826,SALES-03,V025,2025-10-01,2025-10-31,INV-202510-000826,30560.83,APPROVED,Marketing campaign services
ERP,ERP-000827,SALES-03,V009,2025-10-01,2025-10-30,INV-202510-000827,79424.51,PENDING,Office and facility services
ERP,ERP-000828,SALES-03,V007,2025-10-01,2025-10-04,INV-202510-000828,14849.46,APPROVED,Software subscription
ERP,ERP-000829,SALES-03,V013,2025-11-01,2025-11-07,INV-202511-000829,13324.29,PENDING,Training and certification
ERP,ERP-000830,SALES-03,V019,2025-11-01,2025-11-24,INV-202511-000830,20870.96,APPROVED,Training and certification
ERP,ERP-000831,SALES-03,V011,2025-11-01,2025-11-24,INV-202511-000831,61510.61,APPROVED,Data and research subscription
ERP,ERP-000832,SALES-03,V007,2025-11-01,2025-11-06,INV-202511-000832,11703.06,APPROVED,Professional services
ERP,ERP-000833,SALES-03,V013,2025-11-01,2025-11-17,INV-202511-000833,38064.63,APPROVED,Training and certification
ERP,ERP-000834,SALES-03,V006,2025-11-01,2025-11-26,INV-202511-000834,29582.10,APPROVED,Marketing campaign services
ERP,ERP-000835,SALES-03,V002,2025-11-01,2025-11-20,INV-202511-000835,29121.28,APPROVED,Marketing campaign services
ERP,ERP-000836,SALES-03,V026,2025-11-01,2025-11-10,INV-202511-000836,6336.30,APPROVED,Professional services
ERP,ERP-000837,SALES-03,V010,2025-12-01,2025-12-06,INV-202512-000837,17518.35,APPROVED,Travel and accommodation
ERP,ERP-000838,SALES-03,V010,2025-12-01,2025-12-07,INV-202512-000838,26506.04,PENDING,Security assessment
ERP,ERP-000839,SALES-03,V006,2025-12-01,2025-12-11,INV-202512-000839,16542.35,REJECTED,Marketing campaign services
ERP,ERP-000840,SALES-03,V028,2025-12-01,2025-12-21,INV-202512-000840,35732.58,APPROVED,Recruitment services
ERP,ERP-000841,SALES-03,V019,2025-12-01,2025-12-31,INV-202512-000841,31972.60,APPROVED,Travel and accommodation
ERP,ERP-000842,SALES-03,V023,2025-12-01,2025-12-26,INV-202512-000842,11839.58,APPROVED,Travel and accommodation
ERP,ERP-000843,SALES-03,V030,2025-12-01,2025-12-27,INV-202512-000843,7101.14,APPROVED,Security assessment
ERP,ERP-000844,SALES-03,V005,2025-12-01,2025-12-08,INV-202512-000844,41181.88,APPROVED,Office and facility services
ERP,ERP-000845,SALES-03,V013,2025-12-01,2025-12-20,INV-202512-000845,31260.14,APPROVED,Data and research subscription
ERP,ERP-000846,MKT-01,V014,2025-01-01,2025-01-17,INV-202501-000846,13792.04,APPROVED,Office and facility services
ERP,ERP-000847,MKT-01,V019,2025-01-01,2025-01-31,INV-202501-000847,2571.95,APPROVED,Professional services
ERP,ERP-000848,MKT-01,V018,2025-01-01,2025-01-08,INV-202501-000848,55320.54,APPROVED,Training and certification
ERP,ERP-000849,MKT-01,V029,2025-01-01,2025-01-21,INV-202501-000849,1839.46,APPROVED,Professional services
ERP,ERP-000850,MKT-01,V010,2025-01-01,2025-01-09,INV-202501-000850,1633.55,PENDING,Marketing campaign services
ERP,ERP-000851,MKT-01,V008,2025-01-01,2025-01-20,INV-202501-000851,6661.04,PENDING,Recruitment services
ERP,ERP-000852,MKT-01,V017,2025-01-01,2025-01-11,INV-202501-000852,8116.92,APPROVED,Security assessment
ERP,ERP-000853,MKT-01,V021,2025-01-01,2025-01-09,INV-202501-000853,27540.80,APPROVED,Software subscription
ERP,ERP-000854,MKT-01,V004,2025-02-01,2025-02-11,INV-202502-000854,12268.00,APPROVED,Marketing campaign services
ERP,ERP-000855,MKT-01,V024,2025-02-01,2025-02-06,INV-202502-000855,19085.34,APPROVED,Professional services
ERP,ERP-000856,MKT-01,V010,2025-02-01,2025-02-01,INV-202502-000856,39924.14,PENDING,Office and facility services
ERP,ERP-000857,MKT-01,V022,2025-02-01,2025-02-27,INV-202502-000857,8352.21,APPROVED,Professional services
ERP,ERP-000858,MKT-01,V029,2025-02-01,2025-02-13,INV-202502-000858,15231.97,REJECTED,Recruitment services
ERP,ERP-000859,MKT-01,V016,2025-03-01,2025-03-25,INV-202503-000859,2682.86,APPROVED,Marketing campaign services
ERP,ERP-000860,MKT-01,V010,2025-03-01,2025-03-02,INV-202503-000860,28645.41,PENDING,Recruitment services
ERP,ERP-000861,MKT-01,V012,2025-03-01,2025-03-30,INV-202503-000861,52199.31,APPROVED,Travel and accommodation
ERP,ERP-000862,MKT-01,V022,2025-03-01,2025-03-23,INV-202503-000862,23574.43,APPROVED,Travel and accommodation
ERP,ERP-000863,MKT-01,V006,2025-03-01,2025-03-26,INV-202503-000863,11322.79,APPROVED,Software subscription
ERP,ERP-000864,MKT-01,V016,2025-04-01,2025-04-20,INV-202504-000864,10840.55,APPROVED,Professional services
ERP,ERP-000865,MKT-01,V017,2025-04-01,2025-04-16,INV-202504-000865,28818.56,APPROVED,Professional services
ERP,ERP-000866,MKT-01,V001,2025-04-01,2025-04-02,INV-202504-000866,38388.54,PENDING,Office and facility services
ERP,ERP-000867,MKT-01,V003,2025-04-01,2025-04-28,INV-202504-000867,13549.92,APPROVED,Training and certification
ERP,ERP-000868,MKT-01,V023,2025-04-01,2025-04-05,INV-202504-000868,1153.61,APPROVED,Professional services
ERP,ERP-000869,MKT-01,V011,2025-04-01,2025-04-22,INV-202504-000869,9295.06,APPROVED,Travel and accommodation
ERP,ERP-000870,MKT-01,V011,2025-05-01,2025-05-01,INV-202505-000870,9546.10,REJECTED,Office and facility services
ERP,ERP-000871,MKT-01,V015,2025-05-01,2025-05-10,INV-202505-000871,7855.33,APPROVED,Travel and accommodation
ERP,ERP-000872,MKT-01,V023,2025-05-01,2025-05-17,INV-202505-000872,13399.18,APPROVED,Cloud infrastructure usage
ERP,ERP-000873,MKT-01,V019,2025-05-01,2025-05-31,INV-202505-000873,28972.09,APPROVED,Recruitment services
ERP,ERP-000874,MKT-01,V015,2025-05-01,2025-05-07,INV-202505-000874,8929.09,APPROVED,Travel and accommodation
ERP,ERP-000875,MKT-01,V017,2025-05-01,2025-05-16,INV-202505-000875,19786.26,APPROVED,Marketing campaign services
ERP,ERP-000876,MKT-01,V024,2025-05-01,2025-05-15,INV-202505-000876,15150.62,APPROVED,Recruitment services
ERP,ERP-000877,MKT-01,V012,2025-06-01,2025-06-08,INV-202506-000877,8518.12,APPROVED,Security assessment
ERP,ERP-000878,MKT-01,V014,2025-06-01,2025-06-12,INV-202506-000878,5158.12,APPROVED,Travel and accommodation
ERP,ERP-000879,MKT-01,V002,2025-06-01,2025-06-05,INV-202506-000879,4625.31,APPROVED,Travel and accommodation
ERP,ERP-000880,MKT-01,V023,2025-06-01,2025-06-10,INV-202506-000880,11808.22,APPROVED,Office and facility services
ERP,ERP-000881,MKT-01,V007,2025-06-01,2025-06-23,INV-202506-000881,3595.29,APPROVED,Recruitment services
ERP,ERP-000882,MKT-01,V017,2025-06-01,2025-06-14,INV-202506-000882,2266.40,APPROVED,Data and research subscription
ERP,ERP-000883,MKT-01,V022,2025-06-01,2025-06-18,INV-202506-000883,11419.44,PENDING,Office and facility services
ERP,ERP-000884,MKT-01,V016,2025-06-01,2025-06-15,INV-202506-000884,20090.31,APPROVED,Office and facility services
ERP,ERP-000885,MKT-01,V015,2025-06-01,2025-06-25,INV-202506-000885,3472.85,APPROVED,Data and research subscription
ERP,ERP-000886,MKT-01,V009,2025-06-01,2025-06-04,INV-202506-000886,7896.62,APPROVED,Professional services
ERP,ERP-000887,MKT-01,V010,2025-06-01,2025-06-18,INV-202506-000887,26978.11,PENDING,Marketing campaign services
ERP,ERP-000888,MKT-01,V006,2025-07-01,2025-07-20,INV-202507-000888,22169.24,APPROVED,Security assessment
ERP,ERP-000889,MKT-01,V004,2025-07-01,2025-07-19,INV-202507-000889,17321.57,APPROVED,Travel and accommodation
ERP,ERP-000890,MKT-01,V027,2025-07-01,2025-07-23,INV-202507-000890,4598.14,APPROVED,Office and facility services
ERP,ERP-000891,MKT-01,V012,2025-07-01,2025-07-13,INV-202507-000891,5780.62,APPROVED,Training and certification
ERP,ERP-000892,MKT-01,V019,2025-07-01,2025-07-29,INV-202507-000892,7513.19,APPROVED,Office and facility services
ERP,ERP-000893,MKT-01,V002,2025-07-01,2025-07-22,INV-202507-000893,9494.08,APPROVED,Recruitment services
ERP,ERP-000894,MKT-01,V015,2025-07-01,2025-07-16,INV-202507-000894,2224.59,APPROVED,Data and research subscription
ERP,ERP-000895,MKT-01,V023,2025-07-01,2025-07-05,INV-202507-000895,8756.85,APPROVED,Data and research subscription
ERP,ERP-000896,MKT-01,V019,2025-07-01,2025-07-15,INV-202507-000896,7213.66,APPROVED,Training and certification
ERP,ERP-000897,MKT-01,V011,2025-08-01,2025-08-21,INV-202508-000897,9513.84,APPROVED,Travel and accommodation
ERP,ERP-000898,MKT-01,V005,2025-08-01,2025-08-02,INV-202508-000898,6084.70,APPROVED,Training and certification
ERP,ERP-000899,MKT-01,V027,2025-08-01,2025-08-30,INV-202508-000899,3253.41,PENDING,Training and certification
ERP,ERP-000900,MKT-01,V005,2025-08-01,2025-08-11,INV-202508-000900,3747.87,APPROVED,Recruitment services
ERP,ERP-000901,MKT-01,V021,2025-08-01,2025-08-16,INV-202508-000901,8893.80,APPROVED,Travel and accommodation
ERP,ERP-000902,MKT-01,V002,2025-08-01,2025-08-26,INV-202508-000902,6106.55,APPROVED,Professional services
ERP,ERP-000903,MKT-01,V015,2025-08-01,2025-08-19,INV-202508-000903,11251.26,APPROVED,Training and certification
ERP,ERP-000904,MKT-01,V019,2025-08-01,2025-08-14,INV-202508-000904,19446.26,PENDING,Software subscription
ERP,ERP-000905,MKT-01,V023,2025-08-01,2025-08-24,INV-202508-000905,5089.96,APPROVED,Data and research subscription
ERP,ERP-000906,MKT-01,V026,2025-09-01,2025-09-21,INV-202509-000906,39430.01,APPROVED,Professional services
ERP,ERP-000907,MKT-01,V016,2025-09-01,2025-09-19,INV-202509-000907,10350.05,APPROVED,Office and facility services
ERP,ERP-000908,MKT-01,V012,2025-09-01,2025-09-04,INV-202509-000908,10091.27,APPROVED,Travel and accommodation
ERP,ERP-000909,MKT-01,V023,2025-09-01,2025-09-19,INV-202509-000909,7516.97,APPROVED,Professional services
ERP,ERP-000910,MKT-01,V011,2025-09-01,2025-09-21,INV-202509-000910,5424.36,REJECTED,Marketing campaign services
ERP,ERP-000911,MKT-01,V013,2025-09-01,2025-09-01,INV-202509-000911,9746.06,APPROVED,Marketing campaign services
ERP,ERP-000912,MKT-01,V006,2025-09-01,2025-09-14,INV-202509-000912,14757.97,APPROVED,Cloud infrastructure usage
ERP,ERP-000913,MKT-01,V019,2025-09-01,2025-09-15,INV-202509-000913,9612.66,APPROVED,Software subscription
ERP,ERP-000914,MKT-01,V024,2025-09-01,2025-09-26,INV-202509-000914,16611.91,APPROVED,Marketing campaign services
ERP,ERP-000915,MKT-01,V011,2025-09-01,2025-09-03,INV-202509-000915,5821.44,APPROVED,Professional services
ERP,ERP-000916,MKT-01,V006,2025-10-01,2025-10-09,INV-202510-000916,6276.56,PENDING,Training and certification
ERP,ERP-000917,MKT-01,V016,2025-10-01,2025-10-13,INV-202510-000917,41324.02,APPROVED,Travel and accommodation
ERP,ERP-000918,MKT-01,V009,2025-10-01,2025-10-05,INV-202510-000918,37835.11,APPROVED,Professional services
ERP,ERP-000919,MKT-01,V026,2025-10-01,2025-10-21,INV-202510-000919,11068.07,REJECTED,Software subscription
ERP,ERP-000920,MKT-01,V019,2025-10-01,2025-10-25,INV-202510-000920,10195.90,APPROVED,Travel and accommodation
ERP,ERP-000921,MKT-01,V001,2025-11-01,2025-11-19,INV-202511-000921,18979.50,APPROVED,Cloud infrastructure usage
ERP,ERP-000922,MKT-01,V009,2025-11-01,2025-11-29,INV-202511-000922,18573.19,REJECTED,Software subscription
ERP,ERP-000923,MKT-01,V001,2025-11-01,2025-11-21,INV-202511-000923,4210.92,APPROVED,Training and certification
ERP,ERP-000924,MKT-01,V027,2025-11-01,2025-11-15,INV-202511-000924,4329.42,APPROVED,Marketing campaign services
ERP,ERP-000925,MKT-01,V022,2025-11-01,2025-11-02,INV-202511-000925,2238.73,APPROVED,Office and facility services
ERP,ERP-000926,MKT-01,V010,2025-11-01,2025-11-18,INV-202511-000926,4833.26,PENDING,Travel and accommodation
ERP,ERP-000927,MKT-01,V023,2025-11-01,2025-11-19,INV-202511-000927,1991.18,APPROVED,Office and facility services
ERP,ERP-000928,MKT-01,V004,2025-11-01,2025-11-30,INV-202511-000928,32284.44,PENDING,Office and facility services
ERP,ERP-000929,MKT-01,V002,2025-11-01,2025-11-06,INV-202511-000929,8303.19,APPROVED,Marketing campaign services
ERP,ERP-000930,MKT-01,V015,2025-12-01,2025-12-21,INV-202512-000930,3678.24,APPROVED,Recruitment services
ERP,ERP-000931,MKT-01,V027,2025-12-01,2025-12-13,INV-202512-000931,54146.59,APPROVED,Travel and accommodation
ERP,ERP-000932,MKT-01,V012,2025-12-01,2025-12-19,INV-202512-000932,20870.42,APPROVED,Professional services
ERP,ERP-000933,MKT-01,V014,2025-12-01,2025-12-30,INV-202512-000933,8385.35,APPROVED,Data and research subscription
ERP,ERP-000934,MKT-01,V024,2025-12-01,2025-12-12,INV-202512-000934,6366.81,APPROVED,Cloud infrastructure usage
ERP,ERP-000935,MKT-01,V027,2025-12-01,2025-12-06,INV-202512-000935,11381.56,PENDING,Security assessment
ERP,ERP-000936,MKT-01,V023,2025-12-01,2025-12-26,INV-202512-000936,18951.91,APPROVED,Marketing campaign services
ERP,ERP-000937,MKT-01,V009,2025-12-01,2025-12-08,INV-202512-000937,4525.18,APPROVED,Marketing campaign services
ERP,ERP-000938,MKT-01,V022,2025-12-01,2025-12-20,INV-202512-000938,4602.10,APPROVED,Training and certification
ERP,ERP-000939,MKT-02,V016,2025-01-01,2025-01-27,INV-202501-000939,1098.29,APPROVED,Data and research subscription
ERP,ERP-000940,MKT-02,V025,2025-01-01,2025-01-13,INV-202501-000940,48287.39,APPROVED,Travel and accommodation
ERP,ERP-000941,MKT-02,V002,2025-01-01,2025-01-08,INV-202501-000941,500.00,APPROVED,Professional services
ERP,ERP-000942,MKT-02,V016,2025-01-01,2025-01-09,INV-202501-000942,12119.61,APPROVED,Training and certification
ERP,ERP-000943,MKT-02,V023,2025-01-01,2025-01-29,INV-202501-000943,24252.97,APPROVED,Data and research subscription
ERP,ERP-000944,MKT-02,V018,2025-02-01,2025-02-01,INV-202502-000944,5532.62,PENDING,Software subscription
ERP,ERP-000945,MKT-02,V024,2025-02-01,2025-02-01,INV-202502-000945,1260.90,APPROVED,Cloud infrastructure usage
ERP,ERP-000946,MKT-02,V026,2025-02-01,2025-02-13,INV-202502-000946,10288.41,APPROVED,Security assessment
ERP,ERP-000947,MKT-02,V024,2025-02-01,2025-02-16,INV-202502-000947,34280.72,REJECTED,Professional services
ERP,ERP-000948,MKT-02,V009,2025-02-01,2025-02-09,INV-202502-000948,9147.50,APPROVED,Office and facility services
ERP,ERP-000949,MKT-02,V024,2025-02-01,2025-02-11,INV-202502-000949,3048.28,APPROVED,Cloud infrastructure usage
ERP,ERP-000950,MKT-02,V019,2025-02-01,2025-02-18,INV-202502-000950,22372.61,APPROVED,Professional services
ERP,ERP-000951,MKT-02,V020,2025-02-01,2025-02-03,INV-202502-000951,2961.00,PENDING,Security assessment
ERP,ERP-000952,MKT-02,V010,2025-02-01,2025-02-03,INV-202502-000952,8855.45,PENDING,Marketing campaign services
ERP,ERP-000953,MKT-02,V015,2025-03-01,2025-03-01,INV-202503-000953,4502.83,APPROVED,Professional services
ERP,ERP-000954,MKT-02,V001,2025-03-01,2025-03-10,INV-202503-000954,5442.53,APPROVED,Travel and accommodation
ERP,ERP-000955,MKT-02,V022,2025-03-01,2025-03-07,INV-202503-000955,918.60,APPROVED,Training and certification
ERP,ERP-000956,MKT-02,V029,2025-03-01,2025-03-08,INV-202503-000956,11043.53,APPROVED,Travel and accommodation
ERP,ERP-000957,MKT-02,V019,2025-03-01,2025-03-20,INV-202503-000957,7099.01,PENDING,Training and certification
ERP,ERP-000958,MKT-02,V025,2025-03-01,2025-03-28,INV-202503-000958,34556.41,REJECTED,Software subscription
ERP,ERP-000959,MKT-02,V015,2025-03-01,2025-03-23,INV-202503-000959,37489.06,APPROVED,Cloud infrastructure usage
ERP,ERP-000960,MKT-02,V021,2025-03-01,2025-03-02,INV-202503-000960,12825.64,PENDING,Office and facility services
ERP,ERP-000961,MKT-02,V009,2025-03-01,2025-03-07,INV-202503-000961,2538.43,APPROVED,Office and facility services
ERP,ERP-000962,MKT-02,V013,2025-03-01,2025-03-30,INV-202503-000962,2164.29,APPROVED,Training and certification
ERP,ERP-000963,MKT-02,V007,2025-03-01,2025-03-04,INV-202503-000963,18670.77,APPROVED,Travel and accommodation
ERP,ERP-000964,MKT-02,V028,2025-04-01,2025-04-18,INV-202504-000964,7090.12,APPROVED,Security assessment
ERP,ERP-000965,MKT-02,V023,2025-04-01,2025-04-04,INV-202504-000965,5351.57,APPROVED,Travel and accommodation
ERP,ERP-000966,MKT-02,V010,2025-04-01,2025-04-17,INV-202504-000966,29146.03,APPROVED,Office and facility services
ERP,ERP-000967,MKT-02,V026,2025-04-01,2025-04-29,INV-202504-000967,10136.41,APPROVED,Marketing campaign services
ERP,ERP-000968,MKT-02,V024,2025-04-01,2025-04-13,INV-202504-000968,3128.41,APPROVED,Software subscription
ERP,ERP-000969,MKT-02,V025,2025-04-01,2025-04-28,INV-202504-000969,6317.02,APPROVED,Professional services
ERP,ERP-000970,MKT-02,V019,2025-04-01,2025-04-06,INV-202504-000970,27947.61,APPROVED,Professional services
ERP,ERP-000971,MKT-02,V029,2025-04-01,2025-04-07,INV-202504-000971,8766.26,APPROVED,Data and research subscription
ERP,ERP-000972,MKT-02,V007,2025-04-01,2025-04-30,INV-202504-000972,10839.77,REJECTED,Security assessment
ERP,ERP-000973,MKT-02,V021,2025-05-01,2025-05-24,INV-202505-000973,1843.09,APPROVED,Professional services
ERP,ERP-000974,MKT-02,V026,2025-05-01,2025-05-18,INV-202505-000974,12340.36,APPROVED,Recruitment services
ERP,ERP-000975,MKT-02,V025,2025-05-01,2025-05-18,INV-202505-000975,2703.50,REJECTED,Training and certification
ERP,ERP-000976,MKT-02,V029,2025-05-01,2025-05-29,INV-202505-000976,1605.16,APPROVED,Data and research subscription
ERP,ERP-000977,MKT-02,V016,2025-05-01,2025-05-12,INV-202505-000977,24992.48,APPROVED,Office and facility services
ERP,ERP-000978,MKT-02,V019,2025-05-01,2025-05-22,INV-202505-000978,3986.52,APPROVED,Recruitment services
ERP,ERP-000979,MKT-02,V015,2025-05-01,2025-05-16,INV-202505-000979,52717.54,APPROVED,Travel and accommodation
ERP,ERP-000980,MKT-02,V013,2025-06-01,2025-06-03,INV-202506-000980,999.98,APPROVED,Professional services
ERP,ERP-000981,MKT-02,V025,2025-06-01,2025-06-08,INV-202506-000981,10615.15,APPROVED,Office and facility services
ERP,ERP-000982,MKT-02,V010,2025-06-01,2025-06-08,INV-202506-000982,10100.04,APPROVED,Marketing campaign services
ERP,ERP-000983,MKT-02,V019,2025-06-01,2025-06-27,INV-202506-000983,20585.33,APPROVED,Data and research subscription
ERP,ERP-000984,MKT-02,V004,2025-06-01,2025-06-01,INV-202506-000984,46465.35,APPROVED,Cloud infrastructure usage
ERP,ERP-000985,MKT-02,V017,2025-06-01,2025-06-26,INV-202506-000985,15713.32,PENDING,Marketing campaign services
ERP,ERP-000986,MKT-02,V027,2025-07-01,2025-07-19,INV-202507-000986,17334.26,APPROVED,Recruitment services
ERP,ERP-000987,MKT-02,V018,2025-07-01,2025-07-28,INV-202507-000987,26490.71,APPROVED,Travel and accommodation
ERP,ERP-000988,MKT-02,V024,2025-07-01,2025-07-29,INV-202507-000988,11132.51,APPROVED,Cloud infrastructure usage
ERP,ERP-000989,MKT-02,V005,2025-07-01,2025-07-25,INV-202507-000989,37614.49,APPROVED,Travel and accommodation
ERP,ERP-000990,MKT-02,V008,2025-07-01,2025-07-01,INV-202507-000990,20756.93,PENDING,Professional services
ERP,ERP-000991,MKT-02,V018,2025-08-01,2025-08-23,INV-202508-000991,4453.33,REJECTED,Marketing campaign services
ERP,ERP-000992,MKT-02,V028,2025-08-01,2025-08-11,INV-202508-000992,6376.62,APPROVED,Security assessment
ERP,ERP-000993,MKT-02,V018,2025-08-01,2025-08-04,INV-202508-000993,5712.94,APPROVED,Data and research subscription
ERP,ERP-000994,MKT-02,V005,2025-08-01,2025-08-26,INV-202508-000994,15783.70,REJECTED,Marketing campaign services
ERP,ERP-000995,MKT-02,V004,2025-08-01,2025-08-18,INV-202508-000995,8919.28,APPROVED,Cloud infrastructure usage
ERP,ERP-000996,MKT-02,V003,2025-08-01,2025-08-20,INV-202508-000996,11082.58,APPROVED,Software subscription
ERP,ERP-000997,MKT-02,V027,2025-08-01,2025-08-16,INV-202508-000997,8278.47,APPROVED,Software subscription
ERP,ERP-000998,MKT-02,V008,2025-08-01,2025-08-28,INV-202508-000998,7091.78,APPROVED,Training and certification
ERP,ERP-000999,MKT-02,V021,2025-08-01,2025-08-11,INV-202508-000999,10768.93,APPROVED,Cloud infrastructure usage
ERP,ERP-001000,MKT-02,V018,2025-08-01,2025-08-27,INV-202508-001000,11864.64,REJECTED,Office and facility services
ERP,ERP-001001,MKT-02,V029,2025-08-01,2025-08-24,INV-202508-001001,5033.03,APPROVED,Marketing campaign services
ERP,ERP-001002,MKT-02,V022,2025-09-01,2025-09-27,INV-202509-001002,7603.81,APPROVED,Training and certification
ERP,ERP-001003,MKT-02,V009,2025-09-01,2025-09-17,INV-202509-001003,3382.46,APPROVED,Recruitment services
ERP,ERP-001004,MKT-02,V003,2025-09-01,2025-09-25,INV-202509-001004,1948.10,APPROVED,Travel and accommodation
ERP,ERP-001005,MKT-02,V026,2025-09-01,2025-09-16,INV-202509-001005,27136.18,APPROVED,Marketing campaign services
ERP,ERP-001006,MKT-02,V004,2025-09-01,2025-09-27,INV-202509-001006,14626.62,APPROVED,Training and certification
ERP,ERP-001007,MKT-02,V003,2025-09-01,2025-09-18,INV-202509-001007,23061.93,APPROVED,Security assessment
ERP,ERP-001008,MKT-02,V011,2025-09-01,2025-09-21,INV-202509-001008,5756.22,APPROVED,Data and research subscription
ERP,ERP-001009,MKT-02,V025,2025-09-01,2025-09-17,INV-202509-001009,21532.42,REJECTED,Marketing campaign services
ERP,ERP-001010,MKT-02,V024,2025-09-01,2025-09-25,INV-202509-001010,3485.29,APPROVED,Professional services
ERP,ERP-001011,MKT-02,V009,2025-09-01,2025-09-12,INV-202509-001011,1130.36,APPROVED,Data and research subscription
ERP,ERP-001012,MKT-02,V010,2025-09-01,2025-09-23,INV-202509-001012,7721.46,APPROVED,Training and certification
ERP,ERP-001013,MKT-02,V002,2025-10-01,2025-10-31,INV-202510-001013,24854.95,PENDING,Recruitment services
ERP,ERP-001014,MKT-02,V023,2025-10-01,2025-10-06,INV-202510-001014,35756.81,APPROVED,Marketing campaign services
ERP,ERP-001015,MKT-02,V020,2025-10-01,2025-10-30,INV-202510-001015,12942.41,PENDING,Office and facility services
ERP,ERP-001016,MKT-02,V017,2025-10-01,2025-10-19,INV-202510-001016,18734.97,PENDING,Training and certification
ERP,ERP-001017,MKT-02,V005,2025-10-01,2025-10-06,INV-202510-001017,23106.56,APPROVED,Office and facility services
ERP,ERP-001018,MKT-02,V003,2025-11-01,2025-11-16,INV-202511-001018,8491.22,APPROVED,Marketing campaign services
ERP,ERP-001019,MKT-02,V002,2025-11-01,2025-11-27,INV-202511-001019,2140.70,APPROVED,Travel and accommodation
ERP,ERP-001020,MKT-02,V018,2025-11-01,2025-11-28,INV-202511-001020,5857.83,APPROVED,Security assessment
ERP,ERP-001021,MKT-02,V024,2025-11-01,2025-11-15,INV-202511-001021,8404.03,APPROVED,Recruitment services
ERP,ERP-001022,MKT-02,V016,2025-11-01,2025-11-20,INV-202511-001022,46304.13,PENDING,Cloud infrastructure usage
ERP,ERP-001023,MKT-02,V016,2025-11-01,2025-11-08,INV-202511-001023,13339.78,APPROVED,Recruitment services
ERP,ERP-001024,MKT-02,V012,2025-11-01,2025-11-01,INV-202511-001024,22892.98,APPROVED,Training and certification
ERP,ERP-001025,MKT-02,V015,2025-11-01,2025-11-10,INV-202511-001025,17568.50,PENDING,Training and certification
ERP,ERP-001026,MKT-02,V021,2025-11-01,2025-11-22,INV-202511-001026,9971.12,APPROVED,Cloud infrastructure usage
ERP,ERP-001027,MKT-02,V010,2025-12-01,2025-12-15,INV-202512-001027,7461.23,APPROVED,Training and certification
ERP,ERP-001028,MKT-02,V023,2025-12-01,2025-12-27,INV-202512-001028,13307.08,REJECTED,Cloud infrastructure usage
ERP,ERP-001029,MKT-02,V026,2025-12-01,2025-12-17,INV-202512-001029,7322.47,APPROVED,Data and research subscription
ERP,ERP-001030,MKT-02,V024,2025-12-01,2025-12-16,INV-202512-001030,30588.73,PENDING,Cloud infrastructure usage
ERP,ERP-001031,MKT-02,V021,2025-12-01,2025-12-07,INV-202512-001031,14550.13,APPROVED,Office and facility services
ERP,ERP-001032,MKT-02,V026,2025-12-01,2025-12-04,INV-202512-001032,13222.36,APPROVED,Data and research subscription
ERP,ERP-001033,MKT-02,V014,2025-12-01,2025-12-02,INV-202512-001033,4310.87,APPROVED,Software subscription
ERP,ERP-001034,MKT-02,V004,2025-12-01,2025-12-10,INV-202512-001034,500.00,REJECTED,Software subscription
ERP,ERP-001035,MKT-02,V016,2025-12-01,2025-12-06,INV-202512-001035,2158.14,APPROVED,Data and research subscription
ERP,ERP-001036,MKT-02,V003,2025-12-01,2025-12-30,INV-202512-001036,4803.69,APPROVED,Travel and accommodation
ERP,ERP-001037,MKT-02,V030,2025-12-01,2025-12-11,INV-202512-001037,18985.41,APPROVED,Training and certification
ERP,ERP-001038,MKT-03,V025,2025-01-01,2025-01-30,INV-202501-001038,10512.15,PENDING,Data and research subscription
ERP,ERP-001039,MKT-03,V004,2025-01-01,2025-01-05,INV-202501-001039,8865.35,APPROVED,Travel and accommodation
ERP,ERP-001040,MKT-03,V007,2025-01-01,2025-01-15,INV-202501-001040,6218.62,PENDING,Recruitment services
ERP,ERP-001041,MKT-03,V001,2025-01-01,2025-01-28,INV-202501-001041,20702.10,PENDING,Office and facility services
ERP,ERP-001042,MKT-03,V005,2025-01-01,2025-01-07,INV-202501-001042,31050.50,APPROVED,Professional services
ERP,ERP-001043,MKT-03,V030,2025-01-01,2025-01-17,INV-202501-001043,5707.03,APPROVED,Marketing campaign services
ERP,ERP-001044,MKT-03,V011,2025-01-01,2025-01-01,INV-202501-001044,3627.66,APPROVED,Office and facility services
ERP,ERP-001045,MKT-03,V025,2025-01-01,2025-01-15,INV-202501-001045,500.00,APPROVED,Travel and accommodation
ERP,ERP-001046,MKT-03,V025,2025-01-01,2025-01-14,INV-202501-001046,12577.49,APPROVED,Data and research subscription
ERP,ERP-001047,MKT-03,V005,2025-01-01,2025-01-23,INV-202501-001047,5495.53,APPROVED,Data and research subscription
ERP,ERP-001048,MKT-03,V021,2025-02-01,2025-02-23,INV-202502-001048,24474.72,APPROVED,Training and certification
ERP,ERP-001049,MKT-03,V027,2025-02-01,2025-02-17,INV-202502-001049,56585.80,REJECTED,Travel and accommodation
ERP,ERP-001050,MKT-03,V020,2025-02-01,2025-02-20,INV-202502-001050,9962.67,PENDING,Security assessment
ERP,ERP-001051,MKT-03,V006,2025-02-01,2025-02-27,INV-202502-001051,2403.58,APPROVED,Training and certification
ERP,ERP-001052,MKT-03,V008,2025-02-01,2025-02-01,INV-202502-001052,19419.77,APPROVED,Travel and accommodation
ERP,ERP-001053,MKT-03,V006,2025-02-01,2025-02-24,INV-202502-001053,2042.58,APPROVED,Recruitment services
ERP,ERP-001054,MKT-03,V025,2025-02-01,2025-02-21,INV-202502-001054,18971.13,APPROVED,Marketing campaign services
ERP,ERP-001055,MKT-03,V014,2025-03-01,2025-03-06,INV-202503-001055,48716.81,PENDING,Marketing campaign services
ERP,ERP-001056,MKT-03,V009,2025-03-01,2025-03-31,INV-202503-001056,60210.33,PENDING,Software subscription
ERP,ERP-001057,MKT-03,V024,2025-03-01,2025-03-03,INV-202503-001057,24268.59,APPROVED,Data and research subscription
ERP,ERP-001058,MKT-03,V016,2025-03-01,2025-03-11,INV-202503-001058,18504.39,APPROVED,Software subscription
ERP,ERP-001059,MKT-03,V017,2025-03-01,2025-03-20,INV-202503-001059,9740.69,APPROVED,Professional services
ERP,ERP-001060,MKT-03,V028,2025-04-01,2025-04-18,INV-202504-001060,13657.10,APPROVED,Security assessment
ERP,ERP-001061,MKT-03,V008,2025-04-01,2025-04-28,INV-202504-001061,7584.14,APPROVED,Data and research subscription
ERP,ERP-001062,MKT-03,V005,2025-04-01,2025-04-12,INV-202504-001062,18470.37,APPROVED,Training and certification
ERP,ERP-001063,MKT-03,V027,2025-04-01,2025-04-22,INV-202504-001063,30520.02,APPROVED,Security assessment
ERP,ERP-001064,MKT-03,V004,2025-04-01,2025-04-26,INV-202504-001064,6162.00,APPROVED,Professional services
ERP,ERP-001065,MKT-03,V017,2025-04-01,2025-04-16,INV-202504-001065,12550.26,APPROVED,Recruitment services
ERP,ERP-001066,MKT-03,V006,2025-04-01,2025-04-23,INV-202504-001066,19754.68,APPROVED,Marketing campaign services
ERP,ERP-001067,MKT-03,V009,2025-04-01,2025-04-24,INV-202504-001067,24013.73,APPROVED,Professional services
ERP,ERP-001068,MKT-03,V030,2025-05-01,2025-05-19,INV-202505-001068,12474.71,PENDING,Recruitment services
ERP,ERP-001069,MKT-03,V015,2025-05-01,2025-05-17,INV-202505-001069,24394.50,APPROVED,Data and research subscription
ERP,ERP-001070,MKT-03,V010,2025-05-01,2025-05-23,INV-202505-001070,22368.77,PENDING,Security assessment
ERP,ERP-001071,MKT-03,V005,2025-05-01,2025-05-16,INV-202505-001071,15526.59,APPROVED,Office and facility services
ERP,ERP-001072,MKT-03,V020,2025-05-01,2025-05-21,INV-202505-001072,3763.70,APPROVED,Security assessment
ERP,ERP-001073,MKT-03,V004,2025-05-01,2025-05-16,INV-202505-001073,4541.15,REJECTED,Training and certification
ERP,ERP-001074,MKT-03,V026,2025-05-01,2025-05-25,INV-202505-001074,2879.14,APPROVED,Data and research subscription
ERP,ERP-001075,MKT-03,V024,2025-05-01,2025-05-22,INV-202505-001075,7747.23,PENDING,Travel and accommodation
ERP,ERP-001076,MKT-03,V006,2025-06-01,2025-06-18,INV-202506-001076,10932.10,APPROVED,Data and research subscription
ERP,ERP-001077,MKT-03,V019,2025-06-01,2025-06-13,INV-202506-001077,25401.32,APPROVED,Travel and accommodation
ERP,ERP-001078,MKT-03,V001,2025-06-01,2025-06-21,INV-202506-001078,14257.05,APPROVED,Software subscription
ERP,ERP-001079,MKT-03,V017,2025-06-01,2025-06-15,INV-202506-001079,16921.51,APPROVED,Training and certification
ERP,ERP-001080,MKT-03,V023,2025-06-01,2025-06-08,INV-202506-001080,12445.17,APPROVED,Security assessment
ERP,ERP-001081,MKT-03,V022,2025-06-01,2025-06-30,INV-202506-001081,20217.36,APPROVED,Software subscription
ERP,ERP-001082,MKT-03,V001,2025-06-01,2025-06-16,INV-202506-001082,2130.76,APPROVED,Marketing campaign services
ERP,ERP-001083,MKT-03,V005,2025-06-01,2025-06-30,INV-202506-001083,15333.39,APPROVED,Travel and accommodation
ERP,ERP-001084,MKT-03,V016,2025-06-01,2025-06-28,INV-202506-001084,11380.46,APPROVED,Office and facility services
ERP,ERP-001085,MKT-03,V024,2025-06-01,2025-06-23,INV-202506-001085,2617.58,APPROVED,Security assessment
ERP,ERP-001086,MKT-03,V010,2025-06-01,2025-06-24,INV-202506-001086,6449.44,APPROVED,Cloud infrastructure usage
ERP,ERP-001087,MKT-03,V029,2025-07-01,2025-07-20,INV-202507-001087,4541.00,APPROVED,Data and research subscription
ERP,ERP-001088,MKT-03,V029,2025-07-01,2025-07-01,INV-202507-001088,1949.17,APPROVED,Software subscription
ERP,ERP-001089,MKT-03,V004,2025-07-01,2025-07-08,INV-202507-001089,24121.22,APPROVED,Travel and accommodation
ERP,ERP-001090,MKT-03,V026,2025-07-01,2025-07-02,INV-202507-001090,28225.69,APPROVED,Security assessment
ERP,ERP-001091,MKT-03,V030,2025-07-01,2025-07-26,INV-202507-001091,33283.37,APPROVED,Recruitment services
ERP,ERP-001092,MKT-03,V012,2025-07-01,2025-07-05,INV-202507-001092,3507.68,APPROVED,Marketing campaign services
ERP,ERP-001093,MKT-03,V022,2025-07-01,2025-07-05,INV-202507-001093,2574.45,APPROVED,Data and research subscription
ERP,ERP-001094,MKT-03,V001,2025-07-01,2025-07-13,INV-202507-001094,5071.75,APPROVED,Travel and accommodation
ERP,ERP-001095,MKT-03,V022,2025-08-01,2025-08-12,INV-202508-001095,24775.05,APPROVED,Marketing campaign services
ERP,ERP-001096,MKT-03,V005,2025-08-01,2025-08-04,INV-202508-001096,9455.08,APPROVED,Software subscription
ERP,ERP-001097,MKT-03,V017,2025-08-01,2025-08-20,INV-202508-001097,15549.69,PENDING,Travel and accommodation
ERP,ERP-001098,MKT-03,V020,2025-08-01,2025-08-24,INV-202508-001098,1963.82,APPROVED,Software subscription
ERP,ERP-001099,MKT-03,V010,2025-08-01,2025-08-28,INV-202508-001099,6498.97,APPROVED,Security assessment
ERP,ERP-001100,MKT-03,V006,2025-08-01,2025-08-30,INV-202508-001100,6833.62,PENDING,Marketing campaign services
ERP,ERP-001101,MKT-03,V002,2025-08-01,2025-08-30,INV-202508-001101,6182.22,APPROVED,Training and certification
ERP,ERP-001102,MKT-03,V017,2025-08-01,2025-08-21,INV-202508-001102,23371.50,APPROVED,Recruitment services
ERP,ERP-001103,MKT-03,V019,2025-08-01,2025-08-23,INV-202508-001103,696.01,APPROVED,Training and certification
ERP,ERP-001104,MKT-03,V020,2025-09-01,2025-09-09,INV-202509-001104,2470.57,APPROVED,Marketing campaign services
ERP,ERP-001105,MKT-03,V022,2025-09-01,2025-09-19,INV-202509-001105,41529.44,APPROVED,Office and facility services
ERP,ERP-001106,MKT-03,V002,2025-09-01,2025-09-25,INV-202509-001106,11109.37,APPROVED,Professional services
ERP,ERP-001107,MKT-03,V017,2025-09-01,2025-09-04,INV-202509-001107,6361.47,APPROVED,Professional services
ERP,ERP-001108,MKT-03,V008,2025-09-01,2025-09-10,INV-202509-001108,33913.16,APPROVED,Software subscription
ERP,ERP-001109,MKT-03,V015,2025-09-01,2025-09-13,INV-202509-001109,13976.03,APPROVED,Recruitment services
ERP,ERP-001110,MKT-03,V017,2025-09-01,2025-09-03,INV-202509-001110,2064.45,APPROVED,Training and certification
ERP,ERP-001111,MKT-03,V014,2025-09-01,2025-09-12,INV-202509-001111,4242.84,APPROVED,Software subscription
ERP,ERP-001112,MKT-03,V029,2025-09-01,2025-09-06,INV-202509-001112,5916.95,APPROVED,Cloud infrastructure usage
ERP,ERP-001113,MKT-03,V004,2025-10-01,2025-10-20,INV-202510-001113,14093.08,APPROVED,Travel and accommodation
ERP,ERP-001114,MKT-03,V011,2025-10-01,2025-10-01,INV-202510-001114,24655.42,APPROVED,Travel and accommodation
ERP,ERP-001115,MKT-03,V013,2025-10-01,2025-10-21,INV-202510-001115,7625.43,APPROVED,Training and certification
ERP,ERP-001116,MKT-03,V002,2025-10-01,2025-10-23,INV-202510-001116,6630.93,PENDING,Professional services
ERP,ERP-001117,MKT-03,V023,2025-10-01,2025-10-26,INV-202510-001117,3798.44,APPROVED,Data and research subscription
ERP,ERP-001118,MKT-03,V014,2025-10-01,2025-10-21,INV-202510-001118,8082.93,APPROVED,Data and research subscription
ERP,ERP-001119,MKT-03,V021,2025-10-01,2025-10-15,INV-202510-001119,33584.93,APPROVED,Training and certification
ERP,ERP-001120,MKT-03,V012,2025-10-01,2025-10-05,INV-202510-001120,1155.82,APPROVED,Marketing campaign services
ERP,ERP-001121,MKT-03,V026,2025-10-01,2025-10-09,INV-202510-001121,5206.90,APPROVED,Professional services
ERP,ERP-001122,MKT-03,V014,2025-10-01,2025-10-09,INV-202510-001122,35311.33,PENDING,Training and certification
ERP,ERP-001123,MKT-03,V006,2025-10-01,2025-10-07,INV-202510-001123,29208.02,REJECTED,Software subscription
ERP,ERP-001124,MKT-03,V016,2025-11-01,2025-11-25,INV-202511-001124,3432.89,APPROVED,Marketing campaign services
ERP,ERP-001125,MKT-03,V022,2025-11-01,2025-11-04,INV-202511-001125,17769.75,REJECTED,Software subscription
ERP,ERP-001126,MKT-03,V024,2025-11-01,2025-11-03,INV-202511-001126,14066.82,APPROVED,Training and certification
ERP,ERP-001127,MKT-03,V003,2025-11-01,2025-11-30,INV-202511-001127,36074.72,PENDING,Security assessment
ERP,ERP-001128,MKT-03,V023,2025-11-01,2025-11-23,INV-202511-001128,13892.64,APPROVED,Security assessment
ERP,ERP-001129,MKT-03,V006,2025-11-01,2025-11-21,INV-202511-001129,6475.94,APPROVED,Data and research subscription
ERP,ERP-001130,MKT-03,V005,2025-11-01,2025-11-29,INV-202511-001130,8353.36,PENDING,Software subscription
ERP,ERP-001131,MKT-03,V010,2025-11-01,2025-11-12,INV-202511-001131,16284.63,APPROVED,Office and facility services
ERP,ERP-001132,MKT-03,V013,2025-12-01,2025-12-24,INV-202512-001132,15866.96,APPROVED,Office and facility services
ERP,ERP-001133,MKT-03,V007,2025-12-01,2025-12-30,INV-202512-001133,2757.85,APPROVED,Professional services
ERP,ERP-001134,MKT-03,V012,2025-12-01,2025-12-01,INV-202512-001134,25980.25,APPROVED,Office and facility services
ERP,ERP-001135,MKT-03,V023,2025-12-01,2025-12-04,INV-202512-001135,6949.86,APPROVED,Professional services
ERP,ERP-001136,MKT-03,V022,2025-12-01,2025-12-07,INV-202512-001136,8137.90,APPROVED,Data and research subscription
ERP,ERP-001137,MKT-03,V010,2025-12-01,2025-12-01,INV-202512-001137,10730.71,APPROVED,Recruitment services
ERP,ERP-001138,MKT-03,V004,2025-12-01,2025-12-10,INV-202512-001138,1352.95,APPROVED,Travel and accommodation
ERP,ERP-001139,MKT-03,V012,2025-12-01,2025-12-10,INV-202512-001139,15311.28,APPROVED,Marketing campaign services
ERP,ERP-001140,MKT-03,V027,2025-12-01,2025-12-06,INV-202512-001140,3890.35,APPROVED,Training and certification
ERP,ERP-001141,MKT-03,V005,2025-12-01,2025-12-04,INV-202512-001141,15133.66,PENDING,Travel and accommodation
ERP,ERP-001142,HR-01,V016,2025-01-01,2025-01-12,INV-202501-001142,500.00,APPROVED,Cloud infrastructure usage
ERP,ERP-001143,HR-01,V013,2025-01-01,2025-01-13,INV-202501-001143,5521.11,APPROVED,Recruitment services
ERP,ERP-001144,HR-01,V008,2025-01-01,2025-01-29,INV-202501-001144,5343.33,APPROVED,Software subscription
ERP,ERP-001145,HR-01,V006,2025-01-01,2025-01-09,INV-202501-001145,17460.11,PENDING,Training and certification
ERP,ERP-001146,HR-01,V024,2025-01-01,2025-01-12,INV-202501-001146,3298.06,APPROVED,Office and facility services
ERP,ERP-001147,HR-01,V010,2025-01-01,2025-01-20,INV-202501-001147,4821.42,APPROVED,Data and research subscription
ERP,ERP-001148,HR-01,V023,2025-01-01,2025-01-08,INV-202501-001148,554.98,APPROVED,Marketing campaign services
ERP,ERP-001149,HR-01,V003,2025-01-01,2025-01-08,INV-202501-001149,1830.17,APPROVED,Professional services
ERP,ERP-001150,HR-01,V020,2025-01-01,2025-01-01,INV-202501-001150,21027.83,APPROVED,Office and facility services
ERP,ERP-001151,HR-01,V023,2025-01-01,2025-01-27,INV-202501-001151,3627.04,APPROVED,Cloud infrastructure usage
ERP,ERP-001152,HR-01,V030,2025-02-01,2025-02-01,INV-202502-001152,17828.29,PENDING,Cloud infrastructure usage
ERP,ERP-001153,HR-01,V024,2025-02-01,2025-02-18,INV-202502-001153,7065.15,PENDING,Marketing campaign services
ERP,ERP-001154,HR-01,V016,2025-02-01,2025-02-01,INV-202502-001154,9007.90,PENDING,Marketing campaign services
ERP,ERP-001155,HR-01,V015,2025-02-01,2025-02-19,INV-202502-001155,9545.45,APPROVED,Office and facility services
ERP,ERP-001156,HR-01,V004,2025-02-01,2025-02-21,INV-202502-001156,1343.98,APPROVED,Data and research subscription
ERP,ERP-001157,HR-01,V021,2025-02-01,2025-02-05,INV-202502-001157,9693.94,APPROVED,Cloud infrastructure usage
ERP,ERP-001158,HR-01,V011,2025-02-01,2025-02-08,INV-202502-001158,8450.99,APPROVED,Marketing campaign services
ERP,ERP-001159,HR-01,V014,2025-02-01,2025-02-28,INV-202502-001159,2338.30,APPROVED,Recruitment services
ERP,ERP-001160,HR-01,V017,2025-03-01,2025-03-13,INV-202503-001160,15742.39,APPROVED,Software subscription
ERP,ERP-001161,HR-01,V014,2025-03-01,2025-03-24,INV-202503-001161,5250.04,APPROVED,Recruitment services
ERP,ERP-001162,HR-01,V030,2025-03-01,2025-03-21,INV-202503-001162,7583.08,PENDING,Software subscription
ERP,ERP-001163,HR-01,V028,2025-03-01,2025-03-07,INV-202503-001163,4862.52,APPROVED,Training and certification
ERP,ERP-001164,HR-01,V006,2025-03-01,2025-03-26,INV-202503-001164,17249.26,APPROVED,Data and research subscription
ERP,ERP-001165,HR-01,V006,2025-03-01,2025-03-19,INV-202503-001165,803.53,APPROVED,Travel and accommodation
ERP,ERP-001166,HR-01,V026,2025-03-01,2025-03-14,INV-202503-001166,15758.48,APPROVED,Professional services
ERP,ERP-001167,HR-01,V009,2025-03-01,2025-03-30,INV-202503-001167,16318.54,PENDING,Travel and accommodation
ERP,ERP-001168,HR-01,V025,2025-03-01,2025-03-18,INV-202503-001168,7809.20,APPROVED,Travel and accommodation
ERP,ERP-001169,HR-01,V029,2025-04-01,2025-04-12,INV-202504-001169,4957.44,APPROVED,Office and facility services
ERP,ERP-001170,HR-01,V023,2025-04-01,2025-04-23,INV-202504-001170,20294.77,APPROVED,Training and certification
ERP,ERP-001171,HR-01,V021,2025-04-01,2025-04-06,INV-202504-001171,10656.04,APPROVED,Data and research subscription
ERP,ERP-001172,HR-01,V017,2025-04-01,2025-04-10,INV-202504-001172,1244.69,APPROVED,Data and research subscription
ERP,ERP-001173,HR-01,V026,2025-04-01,2025-04-19,INV-202504-001173,10799.97,REJECTED,Recruitment services
ERP,ERP-001174,HR-01,V022,2025-04-01,2025-04-30,INV-202504-001174,10040.73,APPROVED,Software subscription
ERP,ERP-001175,HR-01,V028,2025-04-01,2025-04-26,INV-202504-001175,9289.50,REJECTED,Office and facility services
ERP,ERP-001176,HR-01,V017,2025-04-01,2025-04-03,INV-202504-001176,1567.35,PENDING,Office and facility services
ERP,ERP-001177,HR-01,V005,2025-04-01,2025-04-10,INV-202504-001177,3541.21,APPROVED,Recruitment services
ERP,ERP-001178,HR-01,V005,2025-05-01,2025-05-03,INV-202505-001178,623.64,APPROVED,Security assessment
ERP,ERP-001179,HR-01,V019,2025-05-01,2025-05-23,INV-202505-001179,4696.00,APPROVED,Software subscription
ERP,ERP-001180,HR-01,V008,2025-05-01,2025-05-29,INV-202505-001180,3777.25,APPROVED,Cloud infrastructure usage
ERP,ERP-001181,HR-01,V028,2025-05-01,2025-05-23,INV-202505-001181,7056.38,APPROVED,Marketing campaign services
ERP,ERP-001182,HR-01,V029,2025-05-01,2025-05-25,INV-202505-001182,4149.92,APPROVED,Security assessment
ERP,ERP-001183,HR-01,V006,2025-05-01,2025-05-26,INV-202505-001183,4656.03,APPROVED,Data and research subscription
ERP,ERP-001184,HR-01,V016,2025-05-01,2025-05-16,INV-202505-001184,13883.49,PENDING,Office and facility services
ERP,ERP-001185,HR-01,V023,2025-05-01,2025-05-25,INV-202505-001185,13142.18,APPROVED,Training and certification
ERP,ERP-001186,HR-01,V019,2025-05-01,2025-05-29,INV-202505-001186,2316.98,APPROVED,Office and facility services
ERP,ERP-001187,HR-01,V007,2025-05-01,2025-05-16,INV-202505-001187,800.67,APPROVED,Recruitment services
ERP,ERP-001188,HR-01,V025,2025-06-01,2025-06-03,INV-202506-001188,10579.00,APPROVED,Data and research subscription
ERP,ERP-001189,HR-01,V016,2025-06-01,2025-06-07,INV-202506-001189,5135.32,PENDING,Professional services
ERP,ERP-001190,HR-01,V008,2025-06-01,2025-06-09,INV-202506-001190,6780.14,APPROVED,Cloud infrastructure usage
ERP,ERP-001191,HR-01,V001,2025-06-01,2025-06-29,INV-202506-001191,2415.64,APPROVED,Office and facility services
ERP,ERP-001192,HR-01,V010,2025-06-01,2025-06-08,INV-202506-001192,11691.58,APPROVED,Cloud infrastructure usage
ERP,ERP-001193,HR-01,V027,2025-06-01,2025-06-09,INV-202506-001193,14282.60,APPROVED,Marketing campaign services
ERP,ERP-001194,HR-01,V027,2025-06-01,2025-06-25,INV-202506-001194,35104.63,APPROVED,Professional services
ERP,ERP-001195,HR-01,V025,2025-07-01,2025-07-07,INV-202507-001195,15269.99,APPROVED,Security assessment
ERP,ERP-001196,HR-01,V013,2025-07-01,2025-07-10,INV-202507-001196,7118.89,PENDING,Training and certification
ERP,ERP-001197,HR-01,V026,2025-07-01,2025-07-01,INV-202507-001197,6659.72,APPROVED,Training and certification
ERP,ERP-001198,HR-01,V009,2025-07-01,2025-07-29,INV-202507-001198,1670.92,APPROVED,Travel and accommodation
ERP,ERP-001199,HR-01,V026,2025-07-01,2025-07-03,INV-202507-001199,15328.70,APPROVED,Software subscription
ERP,ERP-001200,HR-01,V011,2025-07-01,2025-07-13,INV-202507-001200,6501.68,APPROVED,Travel and accommodation
ERP,ERP-001201,HR-01,V005,2025-07-01,2025-07-16,INV-202507-001201,2960.33,PENDING,Cloud infrastructure usage
ERP,ERP-001202,HR-01,V015,2025-07-01,2025-07-22,INV-202507-001202,1658.66,APPROVED,Recruitment services
ERP,ERP-001203,HR-01,V022,2025-07-01,2025-07-28,INV-202507-001203,674.14,APPROVED,Data and research subscription
ERP,ERP-001204,HR-01,V013,2025-08-01,2025-08-06,INV-202508-001204,5517.41,APPROVED,Software subscription
ERP,ERP-001205,HR-01,V013,2025-08-01,2025-08-16,INV-202508-001205,9394.56,APPROVED,Professional services
ERP,ERP-001206,HR-01,V007,2025-08-01,2025-08-31,INV-202508-001206,13879.60,APPROVED,Recruitment services
ERP,ERP-001207,HR-01,V023,2025-08-01,2025-08-16,INV-202508-001207,8179.67,APPROVED,Training and certification
ERP,ERP-001208,HR-01,V027,2025-08-01,2025-08-24,INV-202508-001208,12543.53,APPROVED,Security assessment
ERP,ERP-001209,HR-01,V030,2025-08-01,2025-08-03,INV-202508-001209,21314.88,PENDING,Marketing campaign services
ERP,ERP-001210,HR-01,V013,2025-09-01,2025-09-02,INV-202509-001210,33240.40,APPROVED,Marketing campaign services
ERP,ERP-001211,HR-01,V012,2025-09-01,2025-09-20,INV-202509-001211,974.74,APPROVED,Training and certification
ERP,ERP-001212,HR-01,V029,2025-09-01,2025-09-09,INV-202509-001212,21634.06,APPROVED,Professional services
ERP,ERP-001213,HR-01,V017,2025-09-01,2025-09-07,INV-202509-001213,15938.90,APPROVED,Marketing campaign services
ERP,ERP-001214,HR-01,V007,2025-09-01,2025-09-21,INV-202509-001214,8167.32,APPROVED,Office and facility services
ERP,ERP-001215,HR-01,V012,2025-09-01,2025-09-22,INV-202509-001215,14982.96,APPROVED,Recruitment services
ERP,ERP-001216,HR-01,V024,2025-10-01,2025-10-11,INV-202510-001216,12526.40,APPROVED,Recruitment services
ERP,ERP-001217,HR-01,V009,2025-10-01,2025-10-27,INV-202510-001217,4786.25,APPROVED,Security assessment
ERP,ERP-001218,HR-01,V027,2025-10-01,2025-10-26,INV-202510-001218,8934.08,PENDING,Training and certification
ERP,ERP-001219,HR-01,V007,2025-10-01,2025-10-02,INV-202510-001219,2174.89,APPROVED,Office and facility services
ERP,ERP-001220,HR-01,V011,2025-10-01,2025-10-19,INV-202510-001220,5679.51,APPROVED,Cloud infrastructure usage
ERP,ERP-001221,HR-01,V017,2025-10-01,2025-10-09,INV-202510-001221,4167.06,APPROVED,Professional services
ERP,ERP-001222,HR-01,V003,2025-10-01,2025-10-04,INV-202510-001222,7488.47,APPROVED,Office and facility services
ERP,ERP-001223,HR-01,V025,2025-10-01,2025-10-05,INV-202510-001223,8669.96,APPROVED,Office and facility services
ERP,ERP-001224,HR-01,V029,2025-10-01,2025-10-02,INV-202510-001224,2237.62,APPROVED,Recruitment services
ERP,ERP-001225,HR-01,V003,2025-10-01,2025-10-29,INV-202510-001225,7872.07,REJECTED,Recruitment services
ERP,ERP-001226,HR-01,V006,2025-11-01,2025-11-08,INV-202511-001226,12865.93,APPROVED,Professional services
ERP,ERP-001227,HR-01,V029,2025-11-01,2025-11-06,INV-202511-001227,2419.35,APPROVED,Travel and accommodation
ERP,ERP-001228,HR-01,V015,2025-11-01,2025-11-28,INV-202511-001228,833.89,PENDING,Data and research subscription
ERP,ERP-001229,HR-01,V010,2025-11-01,2025-11-26,INV-202511-001229,12998.90,PENDING,Professional services
ERP,ERP-001230,HR-01,V026,2025-11-01,2025-11-05,INV-202511-001230,16627.23,APPROVED,Marketing campaign services
ERP,ERP-001231,HR-01,V006,2025-11-01,2025-11-06,INV-202511-001231,6537.22,APPROVED,Marketing campaign services
ERP,ERP-001232,HR-01,V025,2025-11-01,2025-11-20,INV-202511-001232,20257.58,REJECTED,Marketing campaign services
ERP,ERP-001233,HR-01,V025,2025-11-01,2025-11-20,INV-202511-001233,13335.92,APPROVED,Professional services
ERP,ERP-001234,HR-01,V023,2025-12-01,2025-12-10,INV-202512-001234,6491.87,APPROVED,Recruitment services
ERP,ERP-001235,HR-01,V022,2025-12-01,2025-12-19,INV-202512-001235,1662.36,APPROVED,Security assessment
ERP,ERP-001236,HR-01,V026,2025-12-01,2025-12-08,INV-202512-001236,500.00,APPROVED,Professional services
ERP,ERP-001237,HR-01,V005,2025-12-01,2025-12-01,INV-202512-001237,3343.06,APPROVED,Office and facility services
ERP,ERP-001238,HR-01,V022,2025-12-01,2025-12-13,INV-202512-001238,8616.82,APPROVED,Travel and accommodation
ERP,ERP-001239,HR-01,V024,2025-12-01,2025-12-07,INV-202512-001239,24526.94,PENDING,Professional services
ERP,ERP-001240,HR-01,V020,2025-12-01,2025-12-10,INV-202512-001240,11072.07,APPROVED,Cloud infrastructure usage
ERP,ERP-001241,HR-01,V015,2025-12-01,2025-12-21,INV-202512-001241,16916.25,APPROVED,Travel and accommodation
ERP,ERP-001242,HR-01,V020,2025-12-01,2025-12-12,INV-202512-001242,4560.64,APPROVED,Professional services
ERP,ERP-001243,HR-02,V004,2025-01-01,2025-01-31,INV-202501-001243,561.37,APPROVED,Marketing campaign services
ERP,ERP-001244,HR-02,V004,2025-01-01,2025-01-18,INV-202501-001244,7560.89,APPROVED,Professional services
ERP,ERP-001245,HR-02,V021,2025-01-01,2025-01-09,INV-202501-001245,4563.17,APPROVED,Cloud infrastructure usage
ERP,ERP-001246,HR-02,V011,2025-01-01,2025-01-03,INV-202501-001246,2721.74,APPROVED,Security assessment
ERP,ERP-001247,HR-02,V017,2025-01-01,2025-01-02,INV-202501-001247,12249.02,APPROVED,Office and facility services
ERP,ERP-001248,HR-02,V028,2025-01-01,2025-01-15,INV-202501-001248,2968.43,APPROVED,Training and certification
ERP,ERP-001249,HR-02,V021,2025-01-01,2025-01-18,INV-202501-001249,1157.23,PENDING,Cloud infrastructure usage
ERP,ERP-001250,HR-02,V012,2025-01-01,2025-01-21,INV-202501-001250,7029.27,APPROVED,Marketing campaign services
ERP,ERP-001251,HR-02,V017,2025-01-01,2025-01-01,INV-202501-001251,15752.89,APPROVED,Data and research subscription
ERP,ERP-001252,HR-02,V016,2025-02-01,2025-02-03,INV-202502-001252,2377.67,APPROVED,Professional services
ERP,ERP-001253,HR-02,V011,2025-02-01,2025-02-18,INV-202502-001253,5584.66,APPROVED,Data and research subscription
ERP,ERP-001254,HR-02,V030,2025-02-01,2025-02-27,INV-202502-001254,6267.38,PENDING,Cloud infrastructure usage
ERP,ERP-001255,HR-02,V007,2025-02-01,2025-02-08,INV-202502-001255,11742.63,APPROVED,Recruitment services
ERP,ERP-001256,HR-02,V020,2025-02-01,2025-02-19,INV-202502-001256,21802.99,APPROVED,Office and facility services
ERP,ERP-001257,HR-02,V021,2025-02-01,2025-02-03,INV-202502-001257,20507.52,PENDING,Data and research subscription
ERP,ERP-001258,HR-02,V014,2025-02-01,2025-02-03,INV-202502-001258,3494.44,APPROVED,Data and research subscription
ERP,ERP-001259,HR-02,V030,2025-03-01,2025-03-29,INV-202503-001259,634.34,APPROVED,Software subscription
ERP,ERP-001260,HR-02,V016,2025-03-01,2025-03-12,INV-202503-001260,11010.88,APPROVED,Professional services
ERP,ERP-001261,HR-02,V014,2025-03-01,2025-03-24,INV-202503-001261,16844.54,APPROVED,Marketing campaign services
ERP,ERP-001262,HR-02,V030,2025-03-01,2025-03-16,INV-202503-001262,17184.13,PENDING,Professional services
ERP,ERP-001263,HR-02,V029,2025-03-01,2025-03-14,INV-202503-001263,4394.50,APPROVED,Professional services
ERP,ERP-001264,HR-02,V028,2025-03-01,2025-03-08,INV-202503-001264,4219.81,APPROVED,Professional services
ERP,ERP-001265,HR-02,V007,2025-03-01,2025-03-10,INV-202503-001265,5452.24,APPROVED,Security assessment
ERP,ERP-001266,HR-02,V028,2025-03-01,2025-03-03,INV-202503-001266,4300.71,APPROVED,Cloud infrastructure usage
ERP,ERP-001267,HR-02,V017,2025-03-01,2025-03-02,INV-202503-001267,10073.22,APPROVED,Security assessment
ERP,ERP-001268,HR-02,V018,2025-03-01,2025-03-09,INV-202503-001268,7648.76,APPROVED,Professional services
ERP,ERP-001269,HR-02,V019,2025-04-01,2025-04-07,INV-202504-001269,9581.33,APPROVED,Data and research subscription
ERP,ERP-001270,HR-02,V015,2025-04-01,2025-04-23,INV-202504-001270,1700.26,APPROVED,Professional services
ERP,ERP-001271,HR-02,V013,2025-04-01,2025-04-13,INV-202504-001271,15176.49,APPROVED,Software subscription
ERP,ERP-001272,HR-02,V006,2025-04-01,2025-04-30,INV-202504-001272,17019.86,APPROVED,Security assessment
ERP,ERP-001273,HR-02,V027,2025-04-01,2025-04-19,INV-202504-001273,32157.94,PENDING,Training and certification
ERP,ERP-001274,HR-02,V009,2025-05-01,2025-05-10,INV-202505-001274,13630.01,APPROVED,Data and research subscription
ERP,ERP-001275,HR-02,V004,2025-05-01,2025-05-01,INV-202505-001275,11831.20,PENDING,Training and certification
ERP,ERP-001276,HR-02,V029,2025-05-01,2025-05-28,INV-202505-001276,9280.60,APPROVED,Travel and accommodation
ERP,ERP-001277,HR-02,V026,2025-05-01,2025-05-10,INV-202505-001277,500.00,APPROVED,Software subscription
ERP,ERP-001278,HR-02,V017,2025-05-01,2025-05-14,INV-202505-001278,543.54,APPROVED,Security assessment
ERP,ERP-001279,HR-02,V027,2025-05-01,2025-05-11,INV-202505-001279,13991.80,APPROVED,Recruitment services
ERP,ERP-001280,HR-02,V002,2025-05-01,2025-05-20,INV-202505-001280,6243.88,APPROVED,Software subscription
ERP,ERP-001281,HR-02,V008,2025-05-01,2025-05-08,INV-202505-001281,10278.95,APPROVED,Training and certification
ERP,ERP-001282,HR-02,V015,2025-05-01,2025-05-12,INV-202505-001282,6044.18,APPROVED,Professional services
ERP,ERP-001283,HR-02,V018,2025-06-01,2025-06-01,INV-202506-001283,10427.07,APPROVED,Training and certification
ERP,ERP-001284,HR-02,V017,2025-06-01,2025-06-19,INV-202506-001284,11356.62,APPROVED,Travel and accommodation
ERP,ERP-001285,HR-02,V029,2025-06-01,2025-06-26,INV-202506-001285,3583.43,APPROVED,Training and certification
ERP,ERP-001286,HR-02,V023,2025-06-01,2025-06-16,INV-202506-001286,6016.67,REJECTED,Data and research subscription
ERP,ERP-001287,HR-02,V002,2025-06-01,2025-06-09,INV-202506-001287,7923.85,APPROVED,Marketing campaign services
ERP,ERP-001288,HR-02,V030,2025-06-01,2025-06-10,INV-202506-001288,4990.75,APPROVED,Travel and accommodation
ERP,ERP-001289,HR-02,V004,2025-06-01,2025-06-02,INV-202506-001289,4700.96,APPROVED,Professional services
ERP,ERP-001290,HR-02,V016,2025-06-01,2025-06-03,INV-202506-001290,21026.22,APPROVED,Security assessment
ERP,ERP-001291,HR-02,V004,2025-07-01,2025-07-24,INV-202507-001291,7770.87,APPROVED,Cloud infrastructure usage
ERP,ERP-001292,HR-02,V011,2025-07-01,2025-07-22,INV-202507-001292,15717.45,REJECTED,Marketing campaign services
ERP,ERP-001293,HR-02,V001,2025-07-01,2025-07-30,INV-202507-001293,17535.23,APPROVED,Recruitment services
ERP,ERP-001294,HR-02,V008,2025-07-01,2025-07-23,INV-202507-001294,3680.26,APPROVED,Recruitment services
ERP,ERP-001295,HR-02,V020,2025-07-01,2025-07-08,INV-202507-001295,7782.65,APPROVED,Travel and accommodation
ERP,ERP-001296,HR-02,V013,2025-07-01,2025-07-30,INV-202507-001296,3886.82,PENDING,Data and research subscription
ERP,ERP-001297,HR-02,V001,2025-08-01,2025-08-30,INV-202508-001297,6111.82,APPROVED,Marketing campaign services
ERP,ERP-001298,HR-02,V030,2025-08-01,2025-08-11,INV-202508-001298,24429.57,PENDING,Professional services
ERP,ERP-001299,HR-02,V026,2025-08-01,2025-08-24,INV-202508-001299,4539.66,PENDING,Security assessment
ERP,ERP-001300,HR-02,V002,2025-08-01,2025-08-10,INV-202508-001300,1800.34,APPROVED,Office and facility services
ERP,ERP-001301,HR-02,V028,2025-08-01,2025-08-09,INV-202508-001301,5190.06,REJECTED,Recruitment services
ERP,ERP-001302,HR-02,V013,2025-08-01,2025-08-20,INV-202508-001302,10019.78,APPROVED,Cloud infrastructure usage
ERP,ERP-001303,HR-02,V016,2025-08-01,2025-08-24,INV-202508-001303,7965.06,APPROVED,Software subscription
ERP,ERP-001304,HR-02,V004,2025-08-01,2025-08-31,INV-202508-001304,3921.85,APPROVED,Professional services
ERP,ERP-001305,HR-02,V022,2025-08-01,2025-08-22,INV-202508-001305,8014.09,APPROVED,Professional services
ERP,ERP-001306,HR-02,V017,2025-08-01,2025-08-04,INV-202508-001306,21941.60,PENDING,Recruitment services
ERP,ERP-001307,HR-02,V010,2025-08-01,2025-08-02,INV-202508-001307,5385.70,APPROVED,Recruitment services
ERP,ERP-001308,HR-02,V024,2025-09-01,2025-09-05,INV-202509-001308,7620.90,APPROVED,Marketing campaign services
ERP,ERP-001309,HR-02,V027,2025-09-01,2025-09-05,INV-202509-001309,9957.41,APPROVED,Data and research subscription
ERP,ERP-001310,HR-02,V001,2025-09-01,2025-09-10,INV-202509-001310,6182.91,APPROVED,Office and facility services
ERP,ERP-001311,HR-02,V009,2025-09-01,2025-09-29,INV-202509-001311,3491.47,APPROVED,Professional services
ERP,ERP-001312,HR-02,V025,2025-09-01,2025-09-13,INV-202509-001312,11600.34,APPROVED,Office and facility services
ERP,ERP-001313,HR-02,V029,2025-09-01,2025-09-01,INV-202509-001313,20053.65,APPROVED,Security assessment
ERP,ERP-001314,HR-02,V030,2025-09-01,2025-09-26,INV-202509-001314,4334.75,APPROVED,Professional services
ERP,ERP-001315,HR-02,V005,2025-09-01,2025-09-26,INV-202509-001315,4643.32,APPROVED,Professional services
ERP,ERP-001316,HR-02,V010,2025-09-01,2025-09-11,INV-202509-001316,4425.21,APPROVED,Office and facility services
ERP,ERP-001317,HR-02,V004,2025-10-01,2025-10-22,INV-202510-001317,3769.71,APPROVED,Office and facility services
ERP,ERP-001318,HR-02,V001,2025-10-01,2025-10-10,INV-202510-001318,11310.28,APPROVED,Travel and accommodation
ERP,ERP-001319,HR-02,V011,2025-10-01,2025-10-06,INV-202510-001319,3353.57,APPROVED,Software subscription
ERP,ERP-001320,HR-02,V014,2025-10-01,2025-10-16,INV-202510-001320,4538.06,APPROVED,Marketing campaign services
ERP,ERP-001321,HR-02,V020,2025-10-01,2025-10-08,INV-202510-001321,2211.63,PENDING,Cloud infrastructure usage
ERP,ERP-001322,HR-02,V029,2025-10-01,2025-10-19,INV-202510-001322,19899.84,REJECTED,Recruitment services
ERP,ERP-001323,HR-02,V019,2025-10-01,2025-10-26,INV-202510-001323,5084.75,APPROVED,Security assessment
ERP,ERP-001324,HR-02,V019,2025-10-01,2025-10-17,INV-202510-001324,5440.12,REJECTED,Travel and accommodation
ERP,ERP-001325,HR-02,V026,2025-10-01,2025-10-29,INV-202510-001325,4608.05,APPROVED,Office and facility services
ERP,ERP-001326,HR-02,V025,2025-10-01,2025-10-18,INV-202510-001326,4952.11,APPROVED,Security assessment
ERP,ERP-001327,HR-02,V002,2025-10-01,2025-10-30,INV-202510-001327,8465.69,APPROVED,Travel and accommodation
ERP,ERP-001328,HR-02,V002,2025-11-01,2025-11-25,INV-202511-001328,4728.62,APPROVED,Marketing campaign services
ERP,ERP-001329,HR-02,V013,2025-11-01,2025-11-13,INV-202511-001329,777.07,APPROVED,Recruitment services
ERP,ERP-001330,HR-02,V021,2025-11-01,2025-11-21,INV-202511-001330,20311.07,APPROVED,Cloud infrastructure usage
ERP,ERP-001331,HR-02,V002,2025-11-01,2025-11-01,INV-202511-001331,3631.41,PENDING,Security assessment
ERP,ERP-001332,HR-02,V029,2025-11-01,2025-11-11,INV-202511-001332,2568.83,APPROVED,Travel and accommodation
ERP,ERP-001333,HR-02,V015,2025-11-01,2025-11-19,INV-202511-001333,500.00,APPROVED,Software subscription
ERP,ERP-001334,HR-02,V017,2025-11-01,2025-11-14,INV-202511-001334,12018.39,APPROVED,Data and research subscription
ERP,ERP-001335,HR-02,V003,2025-11-01,2025-11-03,INV-202511-001335,1434.67,APPROVED,Recruitment services
ERP,ERP-001336,HR-02,V017,2025-11-01,2025-11-07,INV-202511-001336,7598.62,APPROVED,Travel and accommodation
ERP,ERP-001337,HR-02,V013,2025-11-01,2025-11-27,INV-202511-001337,3178.37,APPROVED,Security assessment
ERP,ERP-001338,HR-02,V002,2025-12-01,2025-12-31,INV-202512-001338,5734.53,PENDING,Travel and accommodation
ERP,ERP-001339,HR-02,V014,2025-12-01,2025-12-10,INV-202512-001339,11831.34,APPROVED,Training and certification
ERP,ERP-001340,HR-02,V015,2025-12-01,2025-12-18,INV-202512-001340,19923.21,PENDING,Data and research subscription
ERP,ERP-001341,HR-02,V030,2025-12-01,2025-12-03,INV-202512-001341,12688.35,PENDING,Data and research subscription
ERP,ERP-001342,HR-02,V018,2025-12-01,2025-12-10,INV-202512-001342,17893.49,APPROVED,Marketing campaign services
ERP,ERP-001343,HR-02,V030,2025-12-01,2025-12-28,INV-202512-001343,13459.94,APPROVED,Training and certification
ERP,ERP-001344,HR-02,V002,2025-12-01,2025-12-05,INV-202512-001344,2428.67,PENDING,Office and facility services
ERP,ERP-001345,HR-03,V021,2025-01-01,2025-01-19,INV-202501-001345,21715.91,APPROVED,Recruitment services
ERP,ERP-001346,HR-03,V016,2025-01-01,2025-01-27,INV-202501-001346,2922.04,APPROVED,Data and research subscription
ERP,ERP-001347,HR-03,V030,2025-01-01,2025-01-06,INV-202501-001347,6184.16,APPROVED,Training and certification
ERP,ERP-001348,HR-03,V030,2025-01-01,2025-01-26,INV-202501-001348,935.43,REJECTED,Travel and accommodation
ERP,ERP-001349,HR-03,V022,2025-01-01,2025-01-31,INV-202501-001349,3430.76,APPROVED,Cloud infrastructure usage
ERP,ERP-001350,HR-03,V003,2025-01-01,2025-01-24,INV-202501-001350,11042.62,APPROVED,Marketing campaign services
ERP,ERP-001351,HR-03,V004,2025-01-01,2025-01-10,INV-202501-001351,11292.92,PENDING,Travel and accommodation
ERP,ERP-001352,HR-03,V028,2025-01-01,2025-01-17,INV-202501-001352,8874.60,APPROVED,Recruitment services
ERP,ERP-001353,HR-03,V027,2025-01-01,2025-01-18,INV-202501-001353,3015.46,APPROVED,Professional services
ERP,ERP-001354,HR-03,V015,2025-02-01,2025-02-23,INV-202502-001354,3013.97,APPROVED,Software subscription
ERP,ERP-001355,HR-03,V007,2025-02-01,2025-02-24,INV-202502-001355,10015.64,APPROVED,Professional services
ERP,ERP-001356,HR-03,V018,2025-02-01,2025-02-26,INV-202502-001356,3322.11,APPROVED,Data and research subscription
ERP,ERP-001357,HR-03,V001,2025-02-01,2025-02-16,INV-202502-001357,7067.95,PENDING,Recruitment services
ERP,ERP-001358,HR-03,V017,2025-02-01,2025-02-15,INV-202502-001358,9545.90,APPROVED,Marketing campaign services
ERP,ERP-001359,HR-03,V027,2025-02-01,2025-02-21,INV-202502-001359,35257.84,APPROVED,Marketing campaign services
ERP,ERP-001360,HR-03,V028,2025-03-01,2025-03-04,INV-202503-001360,2569.82,APPROVED,Data and research subscription
ERP,ERP-001361,HR-03,V021,2025-03-01,2025-03-21,INV-202503-001361,1510.94,APPROVED,Security assessment
ERP,ERP-001362,HR-03,V013,2025-03-01,2025-03-19,INV-202503-001362,7363.99,APPROVED,Data and research subscription
ERP,ERP-001363,HR-03,V029,2025-03-01,2025-03-08,INV-202503-001363,8942.74,APPROVED,Office and facility services
ERP,ERP-001364,HR-03,V018,2025-03-01,2025-03-12,INV-202503-001364,6575.17,APPROVED,Recruitment services
ERP,ERP-001365,HR-03,V021,2025-03-01,2025-03-08,INV-202503-001365,11561.51,APPROVED,Training and certification
ERP,ERP-001366,HR-03,V027,2025-03-01,2025-03-26,INV-202503-001366,13273.48,APPROVED,Travel and accommodation
ERP,ERP-001367,HR-03,V002,2025-03-01,2025-03-09,INV-202503-001367,2394.06,APPROVED,Software subscription
ERP,ERP-001368,HR-03,V002,2025-03-01,2025-03-01,INV-202503-001368,2198.78,APPROVED,Marketing campaign services
ERP,ERP-001369,HR-03,V026,2025-03-01,2025-03-19,INV-202503-001369,3654.15,PENDING,Security assessment
ERP,ERP-001370,HR-03,V026,2025-03-01,2025-03-24,INV-202503-001370,4296.90,APPROVED,Marketing campaign services
ERP,ERP-001371,HR-03,V013,2025-04-01,2025-04-04,INV-202504-001371,6143.64,APPROVED,Recruitment services
ERP,ERP-001372,HR-03,V014,2025-04-01,2025-04-02,INV-202504-001372,1583.25,APPROVED,Cloud infrastructure usage
ERP,ERP-001373,HR-03,V006,2025-04-01,2025-04-18,INV-202504-001373,32299.06,PENDING,Recruitment services
ERP,ERP-001374,HR-03,V023,2025-04-01,2025-04-08,INV-202504-001374,3313.06,APPROVED,Data and research subscription
ERP,ERP-001375,HR-03,V009,2025-04-01,2025-04-22,INV-202504-001375,5423.48,APPROVED,Travel and accommodation
ERP,ERP-001376,HR-03,V016,2025-04-01,2025-04-18,INV-202504-001376,4133.27,APPROVED,Cloud infrastructure usage
ERP,ERP-001377,HR-03,V007,2025-05-01,2025-05-10,INV-202505-001377,15325.13,APPROVED,Security assessment
ERP,ERP-001378,HR-03,V008,2025-05-01,2025-05-24,INV-202505-001378,8565.91,APPROVED,Data and research subscription
ERP,ERP-001379,HR-03,V019,2025-05-01,2025-05-07,INV-202505-001379,24263.27,PENDING,Software subscription
ERP,ERP-001380,HR-03,V012,2025-05-01,2025-05-31,INV-202505-001380,5249.73,APPROVED,Travel and accommodation
ERP,ERP-001381,HR-03,V005,2025-05-01,2025-05-06,INV-202505-001381,11606.53,PENDING,Training and certification
ERP,ERP-001382,HR-03,V013,2025-05-01,2025-05-16,INV-202505-001382,1997.60,PENDING,Data and research subscription
ERP,ERP-001383,HR-03,V015,2025-05-01,2025-05-20,INV-202505-001383,6706.94,APPROVED,Security assessment
ERP,ERP-001384,HR-03,V003,2025-06-01,2025-06-13,INV-202506-001384,10648.96,APPROVED,Cloud infrastructure usage
ERP,ERP-001385,HR-03,V003,2025-06-01,2025-06-21,INV-202506-001385,3614.89,APPROVED,Professional services
ERP,ERP-001386,HR-03,V004,2025-06-01,2025-06-24,INV-202506-001386,12119.54,APPROVED,Software subscription
ERP,ERP-001387,HR-03,V026,2025-06-01,2025-06-26,INV-202506-001387,27853.86,APPROVED,Training and certification
ERP,ERP-001388,HR-03,V026,2025-06-01,2025-06-04,INV-202506-001388,2523.04,APPROVED,Professional services
ERP,ERP-001389,HR-03,V029,2025-06-01,2025-06-25,INV-202506-001389,11679.95,APPROVED,Office and facility services
ERP,ERP-001390,HR-03,V019,2025-06-01,2025-06-20,INV-202506-001390,1164.60,APPROVED,Data and research subscription
ERP,ERP-001391,HR-03,V018,2025-06-01,2025-06-23,INV-202506-001391,9649.88,APPROVED,Travel and accommodation
ERP,ERP-001392,HR-03,V009,2025-07-01,2025-07-27,INV-202507-001392,3078.55,APPROVED,Travel and accommodation
ERP,ERP-001393,HR-03,V019,2025-07-01,2025-07-06,INV-202507-001393,19468.43,APPROVED,Training and certification
ERP,ERP-001394,HR-03,V020,2025-07-01,2025-07-23,INV-202507-001394,18702.09,APPROVED,Cloud infrastructure usage
ERP,ERP-001395,HR-03,V017,2025-07-01,2025-07-05,INV-202507-001395,8528.97,APPROVED,Data and research subscription
ERP,ERP-001396,HR-03,V014,2025-07-01,2025-07-17,INV-202507-001396,10064.87,APPROVED,Security assessment
ERP,ERP-001397,HR-03,V020,2025-07-01,2025-07-06,INV-202507-001397,5496.37,APPROVED,Security assessment
ERP,ERP-001398,HR-03,V022,2025-07-01,2025-07-03,INV-202507-001398,500.00,APPROVED,Recruitment services
ERP,ERP-001399,HR-03,V007,2025-07-01,2025-07-10,INV-202507-001399,9237.65,REJECTED,Travel and accommodation
ERP,ERP-001400,HR-03,V020,2025-08-01,2025-08-09,INV-202508-001400,30693.09,APPROVED,Cloud infrastructure usage
ERP,ERP-001401,HR-03,V013,2025-08-01,2025-08-22,INV-202508-001401,3896.48,APPROVED,Professional services
ERP,ERP-001402,HR-03,V002,2025-08-01,2025-08-11,INV-202508-001402,5472.96,APPROVED,Software subscription
ERP,ERP-001403,HR-03,V006,2025-08-01,2025-08-09,INV-202508-001403,5862.76,APPROVED,Training and certification
ERP,ERP-001404,HR-03,V020,2025-08-01,2025-08-06,INV-202508-001404,11118.60,PENDING,Data and research subscription
ERP,ERP-001405,HR-03,V018,2025-08-01,2025-08-18,INV-202508-001405,11308.53,APPROVED,Professional services
ERP,ERP-001406,HR-03,V001,2025-08-01,2025-08-05,INV-202508-001406,1209.18,APPROVED,Marketing campaign services
ERP,ERP-001407,HR-03,V003,2025-09-01,2025-09-01,INV-202509-001407,14526.07,PENDING,Training and certification
ERP,ERP-001408,HR-03,V008,2025-09-01,2025-09-16,INV-202509-001408,13402.27,PENDING,Data and research subscription
ERP,ERP-001409,HR-03,V028,2025-09-01,2025-09-12,INV-202509-001409,1720.29,REJECTED,Security assessment
ERP,ERP-001410,HR-03,V014,2025-09-01,2025-09-04,INV-202509-001410,8949.59,APPROVED,Data and research subscription
ERP,ERP-001411,HR-03,V002,2025-09-01,2025-09-09,INV-202509-001411,10617.26,APPROVED,Data and research subscription
ERP,ERP-001412,HR-03,V001,2025-09-01,2025-09-21,INV-202509-001412,4107.33,APPROVED,Security assessment
ERP,ERP-001413,HR-03,V024,2025-09-01,2025-09-28,INV-202509-001413,3399.47,APPROVED,Cloud infrastructure usage
ERP,ERP-001414,HR-03,V030,2025-09-01,2025-09-17,INV-202509-001414,2874.73,APPROVED,Recruitment services
ERP,ERP-001415,HR-03,V004,2025-09-01,2025-09-18,INV-202509-001415,869.15,APPROVED,Cloud infrastructure usage
ERP,ERP-001416,HR-03,V027,2025-09-01,2025-09-12,INV-202509-001416,2055.47,APPROVED,Professional services
ERP,ERP-001417,HR-03,V010,2025-09-01,2025-09-15,INV-202509-001417,500.00,PENDING,Professional services
ERP,ERP-001418,HR-03,V022,2025-10-01,2025-10-17,INV-202510-001418,10709.21,APPROVED,Office and facility services
ERP,ERP-001419,HR-03,V002,2025-10-01,2025-10-17,INV-202510-001419,8758.09,APPROVED,Travel and accommodation
ERP,ERP-001420,HR-03,V014,2025-10-01,2025-10-23,INV-202510-001420,1079.33,APPROVED,Office and facility services
ERP,ERP-001421,HR-03,V024,2025-10-01,2025-10-11,INV-202510-001421,7720.45,APPROVED,Professional services
ERP,ERP-001422,HR-03,V012,2025-10-01,2025-10-21,INV-202510-001422,9328.12,APPROVED,Cloud infrastructure usage
ERP,ERP-001423,HR-03,V005,2025-10-01,2025-10-02,INV-202510-001423,825.68,REJECTED,Professional services
ERP,ERP-001424,HR-03,V003,2025-10-01,2025-10-20,INV-202510-001424,13006.42,APPROVED,Marketing campaign services
ERP,ERP-001425,HR-03,V012,2025-10-01,2025-10-26,INV-202510-001425,1803.55,PENDING,Office and facility services
ERP,ERP-001426,HR-03,V016,2025-10-01,2025-10-20,INV-202510-001426,960.62,APPROVED,Travel and accommodation
ERP,ERP-001427,HR-03,V027,2025-10-01,2025-10-21,INV-202510-001427,6924.29,APPROVED,Recruitment services
ERP,ERP-001428,HR-03,V010,2025-10-01,2025-10-25,INV-202510-001428,6263.11,PENDING,Recruitment services
ERP,ERP-001429,HR-03,V025,2025-11-01,2025-11-20,INV-202511-001429,16473.85,PENDING,Data and research subscription
ERP,ERP-001430,HR-03,V017,2025-11-01,2025-11-10,INV-202511-001430,8677.88,REJECTED,Office and facility services
ERP,ERP-001431,HR-03,V023,2025-11-01,2025-11-02,INV-202511-001431,9438.15,APPROVED,Recruitment services
ERP,ERP-001432,HR-03,V009,2025-11-01,2025-11-17,INV-202511-001432,8272.06,PENDING,Travel and accommodation
ERP,ERP-001433,HR-03,V027,2025-11-01,2025-11-27,INV-202511-001433,6159.47,APPROVED,Professional services
ERP,ERP-001434,HR-03,V003,2025-11-01,2025-11-04,INV-202511-001434,11525.20,APPROVED,Security assessment
ERP,ERP-001435,HR-03,V010,2025-12-01,2025-12-02,INV-202512-001435,8256.64,APPROVED,Cloud infrastructure usage
ERP,ERP-001436,HR-03,V009,2025-12-01,2025-12-08,INV-202512-001436,13258.36,APPROVED,Data and research subscription
ERP,ERP-001437,HR-03,V008,2025-12-01,2025-12-21,INV-202512-001437,6182.12,APPROVED,Office and facility services
ERP,ERP-001438,HR-03,V029,2025-12-01,2025-12-30,INV-202512-001438,7364.70,APPROVED,Recruitment services
ERP,ERP-001439,HR-03,V004,2025-12-01,2025-12-01,INV-202512-001439,4530.96,PENDING,Data and research subscription
ERP,ERP-001440,HR-03,V020,2025-12-01,2025-12-11,INV-202512-001440,17741.60,APPROVED,Office and facility services
ERP,ERP-001441,HR-03,V011,2025-12-01,2025-12-20,INV-202512-001441,7519.85,APPROVED,Travel and accommodation
ERP,ERP-001442,OPS-01,V025,2025-01-01,2025-01-19,INV-202501-001442,1433.57,APPROVED,Marketing campaign services
ERP,ERP-001443,OPS-01,V011,2025-01-01,2025-01-03,INV-202501-001443,8635.80,PENDING,Travel and accommodation
ERP,ERP-001444,OPS-01,V021,2025-01-01,2025-01-02,INV-202501-001444,2595.52,APPROVED,Office and facility services
ERP,ERP-001445,OPS-01,V007,2025-01-01,2025-01-07,INV-202501-001445,15213.99,APPROVED,Security assessment
ERP,ERP-001446,OPS-01,V026,2025-01-01,2025-01-10,INV-202501-001446,11432.35,APPROVED,Data and research subscription
ERP,ERP-001447,OPS-01,V014,2025-01-01,2025-01-31,INV-202501-001447,15313.67,APPROVED,Professional services
ERP,ERP-001448,OPS-01,V009,2025-01-01,2025-01-02,INV-202501-001448,6188.14,APPROVED,Data and research subscription
ERP,ERP-001449,OPS-01,V013,2025-01-01,2025-01-02,INV-202501-001449,41992.85,REJECTED,Cloud infrastructure usage
ERP,ERP-001450,OPS-01,V013,2025-02-01,2025-02-01,INV-202502-001450,1374.27,APPROVED,Travel and accommodation
ERP,ERP-001451,OPS-01,V005,2025-02-01,2025-02-16,INV-202502-001451,17892.75,APPROVED,Professional services
ERP,ERP-001452,OPS-01,V008,2025-02-01,2025-02-14,INV-202502-001452,32207.59,PENDING,Recruitment services
ERP,ERP-001453,OPS-01,V026,2025-02-01,2025-02-17,INV-202502-001453,18626.70,APPROVED,Marketing campaign services
ERP,ERP-001454,OPS-01,V002,2025-02-01,2025-02-22,INV-202502-001454,7508.59,APPROVED,Travel and accommodation
ERP,ERP-001455,OPS-01,V013,2025-02-01,2025-02-14,INV-202502-001455,24992.60,APPROVED,Travel and accommodation
ERP,ERP-001456,OPS-01,V012,2025-02-01,2025-02-08,INV-202502-001456,26735.44,APPROVED,Data and research subscription
ERP,ERP-001457,OPS-01,V010,2025-03-01,2025-03-23,INV-202503-001457,8500.88,PENDING,Software subscription
ERP,ERP-001458,OPS-01,V018,2025-03-01,2025-03-03,INV-202503-001458,43541.62,PENDING,Recruitment services
ERP,ERP-001459,OPS-01,V014,2025-03-01,2025-03-21,INV-202503-001459,7984.81,APPROVED,Security assessment
ERP,ERP-001460,OPS-01,V030,2025-03-01,2025-03-24,INV-202503-001460,6683.32,PENDING,Software subscription
ERP,ERP-001461,OPS-01,V005,2025-03-01,2025-03-26,INV-202503-001461,29116.66,APPROVED,Marketing campaign services
ERP,ERP-001462,OPS-01,V023,2025-03-01,2025-03-12,INV-202503-001462,2666.56,APPROVED,Software subscription
ERP,ERP-001463,OPS-01,V004,2025-04-01,2025-04-02,INV-202504-001463,16361.91,PENDING,Office and facility services
ERP,ERP-001464,OPS-01,V025,2025-04-01,2025-04-02,INV-202504-001464,10446.22,APPROVED,Training and certification
ERP,ERP-001465,OPS-01,V012,2025-04-01,2025-04-09,INV-202504-001465,3338.43,APPROVED,Office and facility services
ERP,ERP-001466,OPS-01,V012,2025-04-01,2025-04-07,INV-202504-001466,4885.51,APPROVED,Office and facility services
ERP,ERP-001467,OPS-01,V009,2025-04-01,2025-04-26,INV-202504-001467,8507.84,APPROVED,Cloud infrastructure usage
ERP,ERP-001468,OPS-01,V011,2025-04-01,2025-04-06,INV-202504-001468,10800.74,APPROVED,Recruitment services
ERP,ERP-001469,OPS-01,V028,2025-04-01,2025-04-07,INV-202504-001469,925.20,PENDING,Travel and accommodation
ERP,ERP-001470,OPS-01,V008,2025-04-01,2025-04-01,INV-202504-001470,500.00,APPROVED,Training and certification
ERP,ERP-001471,OPS-01,V016,2025-04-01,2025-04-19,INV-202504-001471,23035.10,APPROVED,Software subscription
ERP,ERP-001472,OPS-01,V008,2025-04-01,2025-04-16,INV-202504-001472,3381.17,APPROVED,Professional services
ERP,ERP-001473,OPS-01,V003,2025-04-01,2025-04-23,INV-202504-001473,2248.35,APPROVED,Training and certification
ERP,ERP-001474,OPS-01,V021,2025-05-01,2025-05-17,INV-202505-001474,13522.63,APPROVED,Cloud infrastructure usage
ERP,ERP-001475,OPS-01,V001,2025-05-01,2025-05-28,INV-202505-001475,5895.47,APPROVED,Office and facility services
ERP,ERP-001476,OPS-01,V001,2025-05-01,2025-05-12,INV-202505-001476,3626.48,APPROVED,Security assessment
ERP,ERP-001477,OPS-01,V008,2025-05-01,2025-05-09,INV-202505-001477,9994.39,APPROVED,Security assessment
ERP,ERP-001478,OPS-01,V008,2025-05-01,2025-05-22,INV-202505-001478,23136.79,APPROVED,Marketing campaign services
ERP,ERP-001479,OPS-01,V004,2025-05-01,2025-05-27,INV-202505-001479,7565.73,PENDING,Recruitment services
ERP,ERP-001480,OPS-01,V028,2025-05-01,2025-05-24,INV-202505-001480,8954.93,REJECTED,Security assessment
ERP,ERP-001481,OPS-01,V014,2025-05-01,2025-05-15,INV-202505-001481,7660.33,APPROVED,Recruitment services
ERP,ERP-001482,OPS-01,V016,2025-05-01,2025-05-13,INV-202505-001482,500.00,APPROVED,Software subscription
ERP,ERP-001483,OPS-01,V001,2025-06-01,2025-06-20,INV-202506-001483,10434.55,APPROVED,Travel and accommodation
ERP,ERP-001484,OPS-01,V016,2025-06-01,2025-06-18,INV-202506-001484,6563.22,APPROVED,Data and research subscription
ERP,ERP-001485,OPS-01,V022,2025-06-01,2025-06-01,INV-202506-001485,3943.55,APPROVED,Professional services
ERP,ERP-001486,OPS-01,V023,2025-06-01,2025-06-06,INV-202506-001486,25010.05,APPROVED,Office and facility services
ERP,ERP-001487,OPS-01,V012,2025-06-01,2025-06-25,INV-202506-001487,23540.93,PENDING,Travel and accommodation
ERP,ERP-001488,OPS-01,V027,2025-06-01,2025-06-09,INV-202506-001488,29794.55,APPROVED,Security assessment
ERP,ERP-001489,OPS-01,V026,2025-06-01,2025-06-19,INV-202506-001489,14131.61,APPROVED,Data and research subscription
ERP,ERP-001490,OPS-01,V018,2025-06-01,2025-06-12,INV-202506-001490,8036.85,APPROVED,Training and certification
ERP,ERP-001491,OPS-01,V022,2025-06-01,2025-06-27,INV-202506-001491,19175.51,APPROVED,Recruitment services
ERP,ERP-001492,OPS-01,V004,2025-06-01,2025-06-05,INV-202506-001492,7902.93,APPROVED,Data and research subscription
ERP,ERP-001493,OPS-01,V026,2025-07-01,2025-07-21,INV-202507-001493,9263.76,APPROVED,Data and research subscription
ERP,ERP-001494,OPS-01,V021,2025-07-01,2025-07-01,INV-202507-001494,1711.12,APPROVED,Cloud infrastructure usage
ERP,ERP-001495,OPS-01,V029,2025-07-01,2025-07-17,INV-202507-001495,6227.56,APPROVED,Training and certification
ERP,ERP-001496,OPS-01,V018,2025-07-01,2025-07-09,INV-202507-001496,3276.13,APPROVED,Office and facility services
ERP,ERP-001497,OPS-01,V009,2025-07-01,2025-07-09,INV-202507-001497,17783.84,APPROVED,Professional services
ERP,ERP-001498,OPS-01,V013,2025-07-01,2025-07-25,INV-202507-001498,10656.53,APPROVED,Cloud infrastructure usage
ERP,ERP-001499,OPS-01,V007,2025-07-01,2025-07-07,INV-202507-001499,11480.76,APPROVED,Office and facility services
ERP,ERP-001500,OPS-01,V014,2025-07-01,2025-07-11,INV-202507-001500,5248.12,APPROVED,Security assessment
ERP,ERP-001501,OPS-01,V012,2025-07-01,2025-07-26,INV-202507-001501,11490.78,PENDING,Software subscription
ERP,ERP-001502,OPS-01,V008,2025-07-01,2025-07-06,INV-202507-001502,11022.29,APPROVED,Marketing campaign services
ERP,ERP-001503,OPS-01,V017,2025-08-01,2025-08-10,INV-202508-001503,9280.82,REJECTED,Travel and accommodation
ERP,ERP-001504,OPS-01,V013,2025-08-01,2025-08-22,INV-202508-001504,4893.05,APPROVED,Office and facility services
ERP,ERP-001505,OPS-01,V029,2025-08-01,2025-08-23,INV-202508-001505,1192.28,APPROVED,Marketing campaign services
ERP,ERP-001506,OPS-01,V020,2025-08-01,2025-08-18,INV-202508-001506,22918.93,APPROVED,Cloud infrastructure usage
ERP,ERP-001507,OPS-01,V009,2025-08-01,2025-08-18,INV-202508-001507,3988.05,APPROVED,Software subscription
ERP,ERP-001508,OPS-01,V028,2025-08-01,2025-08-04,INV-202508-001508,3409.12,APPROVED,Office and facility services
ERP,ERP-001509,OPS-01,V026,2025-08-01,2025-08-10,INV-202508-001509,47034.93,REJECTED,Training and certification
ERP,ERP-001510,OPS-01,V027,2025-08-01,2025-08-16,INV-202508-001510,9578.30,APPROVED,Recruitment services
ERP,ERP-001511,OPS-01,V015,2025-08-01,2025-08-06,INV-202508-001511,804.60,APPROVED,Professional services
ERP,ERP-001512,OPS-01,V025,2025-08-01,2025-08-10,INV-202508-001512,6035.51,APPROVED,Professional services
ERP,ERP-001513,OPS-01,V030,2025-09-01,2025-09-23,INV-202509-001513,2237.59,APPROVED,Training and certification
ERP,ERP-001514,OPS-01,V027,2025-09-01,2025-09-28,INV-202509-001514,4063.99,APPROVED,Cloud infrastructure usage
ERP,ERP-001515,OPS-01,V020,2025-09-01,2025-09-03,INV-202509-001515,9718.18,PENDING,Cloud infrastructure usage
ERP,ERP-001516,OPS-01,V029,2025-09-01,2025-09-30,INV-202509-001516,9062.16,APPROVED,Office and facility services
ERP,ERP-001517,OPS-01,V019,2025-09-01,2025-09-07,INV-202509-001517,10390.85,APPROVED,Travel and accommodation
ERP,ERP-001518,OPS-01,V006,2025-09-01,2025-09-21,INV-202509-001518,12321.20,APPROVED,Professional services
ERP,ERP-001519,OPS-01,V009,2025-09-01,2025-09-18,INV-202509-001519,80891.30,APPROVED,Software subscription
ERP,ERP-001520,OPS-01,V004,2025-09-01,2025-09-30,INV-202509-001520,1980.26,APPROVED,Recruitment services
ERP,ERP-001521,OPS-01,V009,2025-09-01,2025-09-03,INV-202509-001521,6493.95,APPROVED,Office and facility services
ERP,ERP-001522,OPS-01,V003,2025-10-01,2025-10-08,INV-202510-001522,11433.91,APPROVED,Professional services
ERP,ERP-001523,OPS-01,V015,2025-10-01,2025-10-05,INV-202510-001523,3800.51,APPROVED,Professional services
ERP,ERP-001524,OPS-01,V018,2025-10-01,2025-10-25,INV-202510-001524,17089.29,APPROVED,Data and research subscription
ERP,ERP-001525,OPS-01,V028,2025-10-01,2025-10-20,INV-202510-001525,12620.27,APPROVED,Software subscription
ERP,ERP-001526,OPS-01,V012,2025-10-01,2025-10-08,INV-202510-001526,4341.39,PENDING,Data and research subscription
ERP,ERP-001527,OPS-01,V017,2025-10-01,2025-10-20,INV-202510-001527,3914.87,APPROVED,Software subscription
ERP,ERP-001528,OPS-01,V007,2025-10-01,2025-10-25,INV-202510-001528,3596.42,APPROVED,Office and facility services
ERP,ERP-001529,OPS-01,V026,2025-10-01,2025-10-07,INV-202510-001529,4011.83,APPROVED,Professional services
ERP,ERP-001530,OPS-01,V015,2025-10-01,2025-10-01,INV-202510-001530,19555.44,REJECTED,Training and certification
ERP,ERP-001531,OPS-01,V027,2025-10-01,2025-10-22,INV-202510-001531,9728.49,APPROVED,Marketing campaign services
ERP,ERP-001532,OPS-01,V007,2025-11-01,2025-11-16,INV-202511-001532,1575.92,APPROVED,Security assessment
ERP,ERP-001533,OPS-01,V027,2025-11-01,2025-11-28,INV-202511-001533,2188.06,APPROVED,Software subscription
ERP,ERP-001534,OPS-01,V012,2025-11-01,2025-11-13,INV-202511-001534,15963.42,APPROVED,Marketing campaign services
ERP,ERP-001535,OPS-01,V021,2025-11-01,2025-11-21,INV-202511-001535,3941.21,APPROVED,Cloud infrastructure usage
ERP,ERP-001536,OPS-01,V015,2025-11-01,2025-11-19,INV-202511-001536,17899.31,APPROVED,Professional services
ERP,ERP-001537,OPS-01,V018,2025-11-01,2025-11-13,INV-202511-001537,40034.36,PENDING,Cloud infrastructure usage
ERP,ERP-001538,OPS-01,V022,2025-11-01,2025-11-26,INV-202511-001538,3558.00,APPROVED,Travel and accommodation
ERP,ERP-001539,OPS-01,V003,2025-12-01,2025-12-05,INV-202512-001539,4326.26,REJECTED,Office and facility services
ERP,ERP-001540,OPS-01,V014,2025-12-01,2025-12-21,INV-202512-001540,7198.53,APPROVED,Professional services
ERP,ERP-001541,OPS-01,V005,2025-12-01,2025-12-18,INV-202512-001541,1906.14,APPROVED,Data and research subscription
ERP,ERP-001542,OPS-01,V001,2025-12-01,2025-12-01,INV-202512-001542,24109.69,APPROVED,Marketing campaign services
ERP,ERP-001543,OPS-01,V020,2025-12-01,2025-12-06,INV-202512-001543,10842.50,APPROVED,Recruitment services
ERP,ERP-001544,OPS-01,V003,2025-12-01,2025-12-04,INV-202512-001544,12281.46,PENDING,Professional services
ERP,ERP-001545,OPS-01,V011,2025-12-01,2025-12-10,INV-202512-001545,61010.05,APPROVED,Marketing campaign services
ERP,ERP-001546,OPS-02,V030,2025-01-01,2025-01-22,INV-202501-001546,6266.39,APPROVED,Marketing campaign services
ERP,ERP-001547,OPS-02,V010,2025-01-01,2025-01-17,INV-202501-001547,11122.75,PENDING,Software subscription
ERP,ERP-001548,OPS-02,V022,2025-01-01,2025-01-11,INV-202501-001548,19004.41,PENDING,Marketing campaign services
ERP,ERP-001549,OPS-02,V022,2025-01-01,2025-01-05,INV-202501-001549,3818.30,APPROVED,Marketing campaign services
ERP,ERP-001550,OPS-02,V029,2025-01-01,2025-01-26,INV-202501-001550,3698.46,APPROVED,Security assessment
ERP,ERP-001551,OPS-02,V029,2025-01-01,2025-01-13,INV-202501-001551,17935.93,APPROVED,Professional services
ERP,ERP-001552,OPS-02,V028,2025-01-01,2025-01-06,INV-202501-001552,36693.02,APPROVED,Marketing campaign services
ERP,ERP-001553,OPS-02,V007,2025-01-01,2025-01-08,INV-202501-001553,2149.01,APPROVED,Professional services
ERP,ERP-001554,OPS-02,V014,2025-02-01,2025-02-01,INV-202502-001554,28680.58,APPROVED,Training and certification
ERP,ERP-001555,OPS-02,V015,2025-02-01,2025-02-05,INV-202502-001555,6588.28,APPROVED,Office and facility services
ERP,ERP-001556,OPS-02,V020,2025-02-01,2025-02-16,INV-202502-001556,8641.75,APPROVED,Office and facility services
ERP,ERP-001557,OPS-02,V025,2025-02-01,2025-02-20,INV-202502-001557,4529.84,APPROVED,Cloud infrastructure usage
ERP,ERP-001558,OPS-02,V023,2025-02-01,2025-02-24,INV-202502-001558,7597.35,APPROVED,Professional services
ERP,ERP-001559,OPS-02,V008,2025-02-01,2025-02-26,INV-202502-001559,4437.47,APPROVED,Cloud infrastructure usage
ERP,ERP-001560,OPS-02,V020,2025-02-01,2025-02-22,INV-202502-001560,2816.48,APPROVED,Software subscription
ERP,ERP-001561,OPS-02,V030,2025-02-01,2025-02-15,INV-202502-001561,2727.29,PENDING,Recruitment services
ERP,ERP-001562,OPS-02,V007,2025-02-01,2025-02-28,INV-202502-001562,10700.87,REJECTED,Data and research subscription
ERP,ERP-001563,OPS-02,V002,2025-03-01,2025-03-06,INV-202503-001563,42146.54,PENDING,Security assessment
ERP,ERP-001564,OPS-02,V010,2025-03-01,2025-03-03,INV-202503-001564,4155.82,PENDING,Travel and accommodation
ERP,ERP-001565,OPS-02,V020,2025-03-01,2025-03-30,INV-202503-001565,32406.13,PENDING,Marketing campaign services
ERP,ERP-001566,OPS-02,V025,2025-03-01,2025-03-19,INV-202503-001566,9568.24,APPROVED,Data and research subscription
ERP,ERP-001567,OPS-02,V002,2025-03-01,2025-03-16,INV-202503-001567,4680.28,APPROVED,Office and facility services
ERP,ERP-001568,OPS-02,V029,2025-04-01,2025-04-11,INV-202504-001568,9044.86,APPROVED,Travel and accommodation
ERP,ERP-001569,OPS-02,V022,2025-04-01,2025-04-04,INV-202504-001569,6299.33,APPROVED,Training and certification
ERP,ERP-001570,OPS-02,V020,2025-04-01,2025-04-09,INV-202504-001570,18632.69,PENDING,Travel and accommodation
ERP,ERP-001571,OPS-02,V001,2025-04-01,2025-04-22,INV-202504-001571,33297.04,APPROVED,Cloud infrastructure usage
ERP,ERP-001572,OPS-02,V017,2025-04-01,2025-04-20,INV-202504-001572,19333.15,APPROVED,Software subscription
ERP,ERP-001573,OPS-02,V019,2025-04-01,2025-04-10,INV-202504-001573,7408.25,APPROVED,Recruitment services
ERP,ERP-001574,OPS-02,V022,2025-04-01,2025-04-15,INV-202504-001574,10496.60,APPROVED,Travel and accommodation
ERP,ERP-001575,OPS-02,V024,2025-04-01,2025-04-08,INV-202504-001575,1743.62,APPROVED,Marketing campaign services
ERP,ERP-001576,OPS-02,V025,2025-05-01,2025-05-11,INV-202505-001576,4506.18,APPROVED,Marketing campaign services
ERP,ERP-001577,OPS-02,V006,2025-05-01,2025-05-06,INV-202505-001577,49568.11,APPROVED,Recruitment services
ERP,ERP-001578,OPS-02,V003,2025-05-01,2025-05-08,INV-202505-001578,9400.15,APPROVED,Data and research subscription
ERP,ERP-001579,OPS-02,V009,2025-05-01,2025-05-04,INV-202505-001579,22549.47,PENDING,Cloud infrastructure usage
ERP,ERP-001580,OPS-02,V020,2025-05-01,2025-05-13,INV-202505-001580,32686.60,PENDING,Software subscription
ERP,ERP-001581,OPS-02,V007,2025-06-01,2025-06-24,INV-202506-001581,17789.63,APPROVED,Data and research subscription
ERP,ERP-001582,OPS-02,V001,2025-06-01,2025-06-23,INV-202506-001582,3098.98,APPROVED,Software subscription
ERP,ERP-001583,OPS-02,V019,2025-06-01,2025-06-27,INV-202506-001583,19637.19,APPROVED,Professional services
ERP,ERP-001584,OPS-02,V005,2025-06-01,2025-06-17,INV-202506-001584,10826.90,APPROVED,Security assessment
ERP,ERP-001585,OPS-02,V010,2025-06-01,2025-06-01,INV-202506-001585,19496.57,APPROVED,Professional services
ERP,ERP-001586,OPS-02,V006,2025-06-01,2025-06-08,INV-202506-001586,12208.36,APPROVED,Professional services
ERP,ERP-001587,OPS-02,V024,2025-06-01,2025-06-20,INV-202506-001587,9019.13,APPROVED,Recruitment services
ERP,ERP-001588,OPS-02,V028,2025-07-01,2025-07-11,INV-202507-001588,10988.09,APPROVED,Security assessment
ERP,ERP-001589,OPS-02,V023,2025-07-01,2025-07-10,INV-202507-001589,7861.44,APPROVED,Software subscription
ERP,ERP-001590,OPS-02,V007,2025-07-01,2025-07-29,INV-202507-001590,4400.61,APPROVED,Travel and accommodation
ERP,ERP-001591,OPS-02,V007,2025-07-01,2025-07-27,INV-202507-001591,21349.86,PENDING,Marketing campaign services
ERP,ERP-001592,OPS-02,V023,2025-07-01,2025-07-27,INV-202507-001592,1047.47,APPROVED,Data and research subscription
ERP,ERP-001593,OPS-02,V025,2025-07-01,2025-07-20,INV-202507-001593,2801.67,APPROVED,Professional services
ERP,ERP-001594,OPS-02,V026,2025-07-01,2025-07-30,INV-202507-001594,10692.43,APPROVED,Data and research subscription
ERP,ERP-001595,OPS-02,V008,2025-07-01,2025-07-27,INV-202507-001595,11220.34,REJECTED,Cloud infrastructure usage
ERP,ERP-001596,OPS-02,V002,2025-07-01,2025-07-25,INV-202507-001596,9652.94,APPROVED,Office and facility services
ERP,ERP-001597,OPS-02,V026,2025-07-01,2025-07-07,INV-202507-001597,5376.46,APPROVED,Professional services
ERP,ERP-001598,OPS-02,V026,2025-07-01,2025-07-08,INV-202507-001598,500.00,APPROVED,Travel and accommodation
ERP,ERP-001599,OPS-02,V029,2025-08-01,2025-08-28,INV-202508-001599,4777.60,APPROVED,Recruitment services
ERP,ERP-001600,OPS-02,V026,2025-08-01,2025-08-06,INV-202508-001600,17400.16,APPROVED,Security assessment
ERP,ERP-001601,OPS-02,V018,2025-08-01,2025-08-19,INV-202508-001601,5390.79,PENDING,Cloud infrastructure usage
ERP,ERP-001602,OPS-02,V017,2025-08-01,2025-08-09,INV-202508-001602,800.25,APPROVED,Security assessment
ERP,ERP-001603,OPS-02,V007,2025-08-01,2025-08-27,INV-202508-001603,18679.42,APPROVED,Security assessment
ERP,ERP-001604,OPS-02,V019,2025-08-01,2025-08-13,INV-202508-001604,1338.29,APPROVED,Training and certification
ERP,ERP-001605,OPS-02,V019,2025-08-01,2025-08-27,INV-202508-001605,8915.47,APPROVED,Data and research subscription
ERP,ERP-001606,OPS-02,V007,2025-08-01,2025-08-27,INV-202508-001606,20340.17,APPROVED,Marketing campaign services
ERP,ERP-001607,OPS-02,V019,2025-08-01,2025-08-04,INV-202508-001607,1331.92,APPROVED,Training and certification
ERP,ERP-001608,OPS-02,V018,2025-09-01,2025-09-11,INV-202509-001608,11001.38,APPROVED,Office and facility services
ERP,ERP-001609,OPS-02,V018,2025-09-01,2025-09-21,INV-202509-001609,3416.56,APPROVED,Cloud infrastructure usage
ERP,ERP-001610,OPS-02,V010,2025-09-01,2025-09-17,INV-202509-001610,1661.37,APPROVED,Office and facility services
ERP,ERP-001611,OPS-02,V030,2025-09-01,2025-09-27,INV-202509-001611,13229.88,PENDING,Cloud infrastructure usage
ERP,ERP-001612,OPS-02,V025,2025-09-01,2025-09-03,INV-202509-001612,8658.73,APPROVED,Data and research subscription
ERP,ERP-001613,OPS-02,V015,2025-09-01,2025-09-18,INV-202509-001613,5009.83,APPROVED,Security assessment
ERP,ERP-001614,OPS-02,V018,2025-09-01,2025-09-06,INV-202509-001614,7164.63,APPROVED,Security assessment
ERP,ERP-001615,OPS-02,V030,2025-09-01,2025-09-24,INV-202509-001615,4672.21,APPROVED,Office and facility services
ERP,ERP-001616,OPS-02,V012,2025-09-01,2025-09-23,INV-202509-001616,13879.44,APPROVED,Security assessment
ERP,ERP-001617,OPS-02,V022,2025-09-01,2025-09-03,INV-202509-001617,21746.83,APPROVED,Data and research subscription
ERP,ERP-001618,OPS-02,V015,2025-10-01,2025-10-01,INV-202510-001618,12748.86,REJECTED,Data and research subscription
ERP,ERP-001619,OPS-02,V022,2025-10-01,2025-10-16,INV-202510-001619,3899.45,APPROVED,Marketing campaign services
ERP,ERP-001620,OPS-02,V023,2025-10-01,2025-10-15,INV-202510-001620,1255.66,APPROVED,Data and research subscription
ERP,ERP-001621,OPS-02,V009,2025-10-01,2025-10-17,INV-202510-001621,21361.34,APPROVED,Software subscription
ERP,ERP-001622,OPS-02,V004,2025-10-01,2025-10-10,INV-202510-001622,878.41,APPROVED,Marketing campaign services
ERP,ERP-001623,OPS-02,V005,2025-10-01,2025-10-06,INV-202510-001623,15191.73,APPROVED,Marketing campaign services
ERP,ERP-001624,OPS-02,V004,2025-10-01,2025-10-20,INV-202510-001624,10610.60,APPROVED,Training and certification
ERP,ERP-001625,OPS-02,V004,2025-10-01,2025-10-17,INV-202510-001625,16462.52,APPROVED,Recruitment services
ERP,ERP-001626,OPS-02,V007,2025-10-01,2025-10-15,INV-202510-001626,1018.51,APPROVED,Training and certification
ERP,ERP-001627,OPS-02,V007,2025-10-01,2025-10-07,INV-202510-001627,11316.15,APPROVED,Professional services
ERP,ERP-001628,OPS-02,V004,2025-10-01,2025-10-03,INV-202510-001628,4716.81,APPROVED,Professional services
ERP,ERP-001629,OPS-02,V022,2025-11-01,2025-11-09,INV-202511-001629,34823.85,APPROVED,Travel and accommodation
ERP,ERP-001630,OPS-02,V014,2025-11-01,2025-11-28,INV-202511-001630,5547.92,APPROVED,Office and facility services
ERP,ERP-001631,OPS-02,V010,2025-11-01,2025-11-22,INV-202511-001631,10948.53,APPROVED,Office and facility services
ERP,ERP-001632,OPS-02,V023,2025-11-01,2025-11-14,INV-202511-001632,9756.58,REJECTED,Software subscription
ERP,ERP-001633,OPS-02,V012,2025-11-01,2025-11-13,INV-202511-001633,9057.28,APPROVED,Cloud infrastructure usage
ERP,ERP-001634,OPS-02,V020,2025-11-01,2025-11-04,INV-202511-001634,27628.18,APPROVED,Training and certification
ERP,ERP-001635,OPS-02,V006,2025-12-01,2025-12-17,INV-202512-001635,1969.84,PENDING,Software subscription
ERP,ERP-001636,OPS-02,V028,2025-12-01,2025-12-12,INV-202512-001636,17351.79,APPROVED,Professional services
ERP,ERP-001637,OPS-02,V019,2025-12-01,2025-12-27,INV-202512-001637,3304.73,APPROVED,Recruitment services
ERP,ERP-001638,OPS-02,V022,2025-12-01,2025-12-12,INV-202512-001638,4196.62,APPROVED,Data and research subscription
ERP,ERP-001639,OPS-02,V018,2025-12-01,2025-12-23,INV-202512-001639,25772.72,PENDING,Marketing campaign services
ERP,ERP-001640,OPS-02,V022,2025-12-01,2025-12-21,INV-202512-001640,8087.57,APPROVED,Software subscription
ERP,ERP-001641,OPS-02,V014,2025-12-01,2025-12-29,INV-202512-001641,14056.64,APPROVED,Software subscription
ERP,ERP-001642,OPS-02,V001,2025-12-01,2025-12-10,INV-202512-001642,24139.86,APPROVED,Software subscription
ERP,ERP-001643,OPS-02,V015,2025-12-01,2025-12-11,INV-202512-001643,17329.96,APPROVED,Security assessment
ERP,ERP-001644,OPS-03,V024,2025-01-01,2025-01-14,INV-202501-001644,12873.06,APPROVED,Software subscription
ERP,ERP-001645,OPS-03,V022,2025-01-01,2025-01-12,INV-202501-001645,4953.80,APPROVED,Travel and accommodation
ERP,ERP-001646,OPS-03,V008,2025-01-01,2025-01-19,INV-202501-001646,13034.08,APPROVED,Security assessment
ERP,ERP-001647,OPS-03,V008,2025-01-01,2025-01-09,INV-202501-001647,21174.73,APPROVED,Travel and accommodation
ERP,ERP-001648,OPS-03,V020,2025-01-01,2025-01-25,INV-202501-001648,4936.90,PENDING,Marketing campaign services
ERP,ERP-001649,OPS-03,V028,2025-01-01,2025-01-24,INV-202501-001649,65162.45,APPROVED,Office and facility services
ERP,ERP-001650,OPS-03,V025,2025-01-01,2025-01-03,INV-202501-001650,4863.09,APPROVED,Marketing campaign services
ERP,ERP-001651,OPS-03,V023,2025-01-01,2025-01-05,INV-202501-001651,16451.67,APPROVED,Recruitment services
ERP,ERP-001652,OPS-03,V022,2025-02-01,2025-02-18,INV-202502-001652,7682.05,PENDING,Training and certification
ERP,ERP-001653,OPS-03,V004,2025-02-01,2025-02-01,INV-202502-001653,32157.14,PENDING,Cloud infrastructure usage
ERP,ERP-001654,OPS-03,V001,2025-02-01,2025-02-12,INV-202502-001654,8396.60,PENDING,Professional services
ERP,ERP-001655,OPS-03,V010,2025-02-01,2025-02-08,INV-202502-001655,12003.00,APPROVED,Marketing campaign services
ERP,ERP-001656,OPS-03,V005,2025-02-01,2025-02-18,INV-202502-001656,33536.32,APPROVED,Marketing campaign services
ERP,ERP-001657,OPS-03,V013,2025-02-01,2025-02-23,INV-202502-001657,49177.67,APPROVED,Professional services
ERP,ERP-001658,OPS-03,V005,2025-03-01,2025-03-17,INV-202503-001658,14373.52,PENDING,Training and certification
ERP,ERP-001659,OPS-03,V016,2025-03-01,2025-03-18,INV-202503-001659,9326.71,APPROVED,Software subscription
ERP,ERP-001660,OPS-03,V019,2025-03-01,2025-03-18,INV-202503-001660,16447.73,APPROVED,Data and research subscription
ERP,ERP-001661,OPS-03,V002,2025-03-01,2025-03-13,INV-202503-001661,3683.47,APPROVED,Marketing campaign services
ERP,ERP-001662,OPS-03,V003,2025-03-01,2025-03-23,INV-202503-001662,55928.62,PENDING,Recruitment services
ERP,ERP-001663,OPS-03,V009,2025-03-01,2025-03-27,INV-202503-001663,10307.44,APPROVED,Training and certification
ERP,ERP-001664,OPS-03,V008,2025-03-01,2025-03-11,INV-202503-001664,31294.16,APPROVED,Cloud infrastructure usage
ERP,ERP-001665,OPS-03,V005,2025-03-01,2025-03-04,INV-202503-001665,8520.97,APPROVED,Marketing campaign services
ERP,ERP-001666,OPS-03,V013,2025-04-01,2025-04-17,INV-202504-001666,10896.38,APPROVED,Travel and accommodation
ERP,ERP-001667,OPS-03,V013,2025-04-01,2025-04-01,INV-202504-001667,30178.80,APPROVED,Recruitment services
ERP,ERP-001668,OPS-03,V024,2025-04-01,2025-04-26,INV-202504-001668,25045.27,APPROVED,Software subscription
ERP,ERP-001669,OPS-03,V009,2025-04-01,2025-04-24,INV-202504-001669,8184.72,PENDING,Cloud infrastructure usage
ERP,ERP-001670,OPS-03,V018,2025-04-01,2025-04-11,INV-202504-001670,30878.45,APPROVED,Marketing campaign services
ERP,ERP-001671,OPS-03,V027,2025-04-01,2025-04-07,INV-202504-001671,28948.21,PENDING,Cloud infrastructure usage
ERP,ERP-001672,OPS-03,V016,2025-04-01,2025-04-18,INV-202504-001672,3913.50,APPROVED,Office and facility services
ERP,ERP-001673,OPS-03,V025,2025-04-01,2025-04-21,INV-202504-001673,9502.94,APPROVED,Cloud infrastructure usage
ERP,ERP-001674,OPS-03,V007,2025-04-01,2025-04-30,INV-202504-001674,8124.63,REJECTED,Travel and accommodation
ERP,ERP-001675,OPS-03,V028,2025-05-01,2025-05-26,INV-202505-001675,6088.31,APPROVED,Training and certification
ERP,ERP-001676,OPS-03,V008,2025-05-01,2025-05-16,INV-202505-001676,4098.64,APPROVED,Data and research subscription
ERP,ERP-001677,OPS-03,V020,2025-05-01,2025-05-17,INV-202505-001677,18826.46,APPROVED,Training and certification
ERP,ERP-001678,OPS-03,V027,2025-05-01,2025-05-04,INV-202505-001678,10906.43,PENDING,Recruitment services
ERP,ERP-001679,OPS-03,V023,2025-05-01,2025-05-19,INV-202505-001679,3308.74,APPROVED,Travel and accommodation
ERP,ERP-001680,OPS-03,V017,2025-05-01,2025-05-26,INV-202505-001680,24001.64,APPROVED,Software subscription
ERP,ERP-001681,OPS-03,V027,2025-05-01,2025-05-10,INV-202505-001681,17324.04,APPROVED,Data and research subscription
ERP,ERP-001682,OPS-03,V020,2025-05-01,2025-05-27,INV-202505-001682,6403.99,APPROVED,Data and research subscription
ERP,ERP-001683,OPS-03,V001,2025-05-01,2025-05-27,INV-202505-001683,6152.26,PENDING,Recruitment services
ERP,ERP-001684,OPS-03,V006,2025-05-01,2025-05-24,INV-202505-001684,15530.57,APPROVED,Software subscription
ERP,ERP-001685,OPS-03,V026,2025-05-01,2025-05-09,INV-202505-001685,1171.78,APPROVED,Data and research subscription
ERP,ERP-001686,OPS-03,V006,2025-06-01,2025-06-23,INV-202506-001686,4285.11,APPROVED,Office and facility services
ERP,ERP-001687,OPS-03,V012,2025-06-01,2025-06-11,INV-202506-001687,8478.58,APPROVED,Recruitment services
ERP,ERP-001688,OPS-03,V021,2025-06-01,2025-06-23,INV-202506-001688,44278.44,APPROVED,Travel and accommodation
ERP,ERP-001689,OPS-03,V020,2025-06-01,2025-06-29,INV-202506-001689,14896.71,APPROVED,Security assessment
ERP,ERP-001690,OPS-03,V029,2025-06-01,2025-06-15,INV-202506-001690,2683.66,APPROVED,Professional services
ERP,ERP-001691,OPS-03,V026,2025-06-01,2025-06-04,INV-202506-001691,29759.68,APPROVED,Training and certification
ERP,ERP-001692,OPS-03,V011,2025-06-01,2025-06-18,INV-202506-001692,9545.65,APPROVED,Recruitment services
ERP,ERP-001693,OPS-03,V009,2025-06-01,2025-06-26,INV-202506-001693,26851.13,APPROVED,Cloud infrastructure usage
ERP,ERP-001694,OPS-03,V012,2025-06-01,2025-06-29,INV-202506-001694,11255.74,APPROVED,Security assessment
ERP,ERP-001695,OPS-03,V007,2025-07-01,2025-07-22,INV-202507-001695,4733.15,APPROVED,Office and facility services
ERP,ERP-001696,OPS-03,V021,2025-07-01,2025-07-23,INV-202507-001696,1780.99,APPROVED,Security assessment
ERP,ERP-001697,OPS-03,V006,2025-07-01,2025-07-19,INV-202507-001697,6494.44,APPROVED,Training and certification
ERP,ERP-001698,OPS-03,V003,2025-07-01,2025-07-29,INV-202507-001698,12304.78,APPROVED,Travel and accommodation
ERP,ERP-001699,OPS-03,V017,2025-07-01,2025-07-02,INV-202507-001699,3727.68,APPROVED,Marketing campaign services
ERP,ERP-001700,OPS-03,V011,2025-07-01,2025-07-07,INV-202507-001700,22001.65,APPROVED,Training and certification
ERP,ERP-001701,OPS-03,V025,2025-07-01,2025-07-08,INV-202507-001701,17621.07,APPROVED,Marketing campaign services
ERP,ERP-001702,OPS-03,V020,2025-07-01,2025-07-03,INV-202507-001702,9214.65,APPROVED,Security assessment
ERP,ERP-001703,OPS-03,V018,2025-07-01,2025-07-31,INV-202507-001703,39029.38,PENDING,Training and certification
ERP,ERP-001704,OPS-03,V010,2025-07-01,2025-07-20,INV-202507-001704,8399.81,PENDING,Office and facility services
ERP,ERP-001705,OPS-03,V004,2025-07-01,2025-07-13,INV-202507-001705,10714.33,APPROVED,Professional services
ERP,ERP-001706,OPS-03,V026,2025-08-01,2025-08-30,INV-202508-001706,22145.35,APPROVED,Travel and accommodation
ERP,ERP-001707,OPS-03,V017,2025-08-01,2025-08-27,INV-202508-001707,17003.87,APPROVED,Cloud infrastructure usage
ERP,ERP-001708,OPS-03,V028,2025-08-01,2025-08-18,INV-202508-001708,22934.75,APPROVED,Recruitment services
ERP,ERP-001709,OPS-03,V009,2025-08-01,2025-08-05,INV-202508-001709,16829.99,APPROVED,Travel and accommodation
ERP,ERP-001710,OPS-03,V014,2025-08-01,2025-08-18,INV-202508-001710,6650.24,APPROVED,Security assessment
ERP,ERP-001711,OPS-03,V027,2025-08-01,2025-08-13,INV-202508-001711,7690.56,APPROVED,Travel and accommodation
ERP,ERP-001712,OPS-03,V007,2025-08-01,2025-08-24,INV-202508-001712,2741.83,APPROVED,Training and certification
ERP,ERP-001713,OPS-03,V010,2025-08-01,2025-08-19,INV-202508-001713,4298.63,PENDING,Data and research subscription
ERP,ERP-001714,OPS-03,V024,2025-08-01,2025-08-11,INV-202508-001714,3220.70,APPROVED,Data and research subscription
ERP,ERP-001715,OPS-03,V006,2025-08-01,2025-08-18,INV-202508-001715,5243.73,APPROVED,Office and facility services
ERP,ERP-001716,OPS-03,V027,2025-09-01,2025-09-01,INV-202509-001716,38177.98,PENDING,Training and certification
ERP,ERP-001717,OPS-03,V015,2025-09-01,2025-09-06,INV-202509-001717,10247.67,APPROVED,Recruitment services
ERP,ERP-001718,OPS-03,V029,2025-09-01,2025-09-24,INV-202509-001718,46920.49,APPROVED,Security assessment
ERP,ERP-001719,OPS-03,V011,2025-09-01,2025-09-30,INV-202509-001719,66348.08,REJECTED,Professional services
ERP,ERP-001720,OPS-03,V028,2025-09-01,2025-09-20,INV-202509-001720,14330.62,APPROVED,Travel and accommodation
ERP,ERP-001721,OPS-03,V018,2025-10-01,2025-10-01,INV-202510-001721,500.00,APPROVED,Training and certification
ERP,ERP-001722,OPS-03,V015,2025-10-01,2025-10-03,INV-202510-001722,12036.60,APPROVED,Data and research subscription
ERP,ERP-001723,OPS-03,V030,2025-10-01,2025-10-16,INV-202510-001723,3284.06,APPROVED,Recruitment services
ERP,ERP-001724,OPS-03,V004,2025-10-01,2025-10-03,INV-202510-001724,20494.34,APPROVED,Training and certification
ERP,ERP-001725,OPS-03,V006,2025-10-01,2025-10-26,INV-202510-001725,2197.37,APPROVED,Travel and accommodation
ERP,ERP-001726,OPS-03,V002,2025-10-01,2025-10-27,INV-202510-001726,25876.00,APPROVED,Training and certification
ERP,ERP-001727,OPS-03,V029,2025-10-01,2025-10-25,INV-202510-001727,13719.14,REJECTED,Security assessment
ERP,ERP-001728,OPS-03,V009,2025-10-01,2025-10-21,INV-202510-001728,4996.73,APPROVED,Training and certification
ERP,ERP-001729,OPS-03,V017,2025-10-01,2025-10-20,INV-202510-001729,5964.21,APPROVED,Data and research subscription
ERP,ERP-001730,OPS-03,V023,2025-10-01,2025-10-28,INV-202510-001730,10492.55,APPROVED,Marketing campaign services
ERP,ERP-001731,OPS-03,V029,2025-10-01,2025-10-01,INV-202510-001731,4942.09,APPROVED,Travel and accommodation
ERP,ERP-001732,OPS-03,V001,2025-11-01,2025-11-08,INV-202511-001732,7362.86,APPROVED,Training and certification
ERP,ERP-001733,OPS-03,V020,2025-11-01,2025-11-02,INV-202511-001733,10894.97,APPROVED,Security assessment
ERP,ERP-001734,OPS-03,V022,2025-11-01,2025-11-22,INV-202511-001734,15855.06,APPROVED,Cloud infrastructure usage
ERP,ERP-001735,OPS-03,V014,2025-11-01,2025-11-26,INV-202511-001735,9271.22,APPROVED,Training and certification
ERP,ERP-001736,OPS-03,V008,2025-11-01,2025-11-08,INV-202511-001736,11599.83,APPROVED,Travel and accommodation
ERP,ERP-001737,OPS-03,V029,2025-11-01,2025-11-06,INV-202511-001737,14286.09,APPROVED,Software subscription
ERP,ERP-001738,OPS-03,V027,2025-11-01,2025-11-25,INV-202511-001738,12122.29,APPROVED,Office and facility services
ERP,ERP-001739,OPS-03,V004,2025-11-01,2025-11-06,INV-202511-001739,2262.70,APPROVED,Security assessment
ERP,ERP-001740,OPS-03,V008,2025-11-01,2025-11-04,INV-202511-001740,3190.38,PENDING,Office and facility services
ERP,ERP-001741,OPS-03,V020,2025-11-01,2025-11-30,INV-202511-001741,10439.02,APPROVED,Cloud infrastructure usage
ERP,ERP-001742,OPS-03,V018,2025-11-01,2025-11-28,INV-202511-001742,8473.03,APPROVED,Travel and accommodation
ERP,ERP-001743,OPS-03,V010,2025-12-01,2025-12-12,INV-202512-001743,33270.87,APPROVED,Recruitment services
ERP,ERP-001744,OPS-03,V003,2025-12-01,2025-12-27,INV-202512-001744,7149.68,APPROVED,Security assessment
ERP,ERP-001745,OPS-03,V009,2025-12-01,2025-12-01,INV-202512-001745,16969.58,APPROVED,Recruitment services
ERP,ERP-001746,OPS-03,V007,2025-12-01,2025-12-13,INV-202512-001746,61647.61,APPROVED,Marketing campaign services
ERP,ERP-001747,OPS-03,V014,2025-12-01,2025-12-26,INV-202512-001747,9253.41,APPROVED,Data and research subscription
ERP,ERP-001748,OPS-03,V027,2025-12-01,2025-12-23,INV-202512-001748,30078.42,PENDING,Professional services
ERP,ERP-001749,OPS-03,V020,2025-12-01,2025-12-08,INV-202512-001749,23453.93,APPROVED,Security assessment
ERP,ERP-001750,OPS-03,V028,2025-12-01,2025-12-16,INV-202512-001750,10114.79,APPROVED,Cloud infrastructure usage
ERP,ERP-001751,IT-01,V029,2025-01-01,2025-01-26,INV-202501-001751,66006.12,REJECTED,Cloud infrastructure usage
ERP,ERP-001752,IT-01,V014,2025-01-01,2025-01-17,INV-202501-001752,3628.40,APPROVED,Cloud infrastructure usage
ERP,ERP-001753,IT-01,V024,2025-01-01,2025-01-17,INV-202501-001753,22863.69,APPROVED,Recruitment services
ERP,ERP-001754,IT-01,V018,2025-01-01,2025-01-25,INV-202501-001754,20284.13,APPROVED,Data and research subscription
ERP,ERP-001755,IT-01,V013,2025-01-01,2025-01-16,INV-202501-001755,2210.15,APPROVED,Travel and accommodation
ERP,ERP-001756,IT-01,V012,2025-01-01,2025-01-30,INV-202501-001756,38440.02,PENDING,Training and certification
ERP,ERP-001757,IT-01,V002,2025-01-01,2025-01-02,INV-202501-001757,20458.37,APPROVED,Recruitment services
ERP,ERP-001758,IT-01,V025,2025-02-01,2025-02-10,INV-202502-001758,20341.82,REJECTED,Marketing campaign services
ERP,ERP-001759,IT-01,V018,2025-02-01,2025-02-08,INV-202502-001759,63750.16,APPROVED,Office and facility services
ERP,ERP-001760,IT-01,V029,2025-02-01,2025-02-04,INV-202502-001760,20045.22,APPROVED,Software subscription
ERP,ERP-001761,IT-01,V018,2025-02-01,2025-02-20,INV-202502-001761,76230.94,APPROVED,Software subscription
ERP,ERP-001762,IT-01,V015,2025-02-01,2025-02-22,INV-202502-001762,13928.56,APPROVED,Security assessment
ERP,ERP-001763,IT-01,V022,2025-03-01,2025-03-16,INV-202503-001763,7008.23,APPROVED,Software subscription
ERP,ERP-001764,IT-01,V005,2025-03-01,2025-03-11,INV-202503-001764,27483.18,APPROVED,Training and certification
ERP,ERP-001765,IT-01,V025,2025-03-01,2025-03-04,INV-202503-001765,37360.89,APPROVED,Data and research subscription
ERP,ERP-001766,IT-01,V025,2025-03-01,2025-03-24,INV-202503-001766,10195.29,APPROVED,Training and certification
ERP,ERP-001767,IT-01,V023,2025-03-01,2025-03-25,INV-202503-001767,3445.26,APPROVED,Training and certification
ERP,ERP-001768,IT-01,V008,2025-03-01,2025-03-25,INV-202503-001768,32371.75,APPROVED,Travel and accommodation
ERP,ERP-001769,IT-01,V020,2025-03-01,2025-03-12,INV-202503-001769,19707.02,APPROVED,Software subscription
ERP,ERP-001770,IT-01,V014,2025-03-01,2025-03-12,INV-202503-001770,14752.96,APPROVED,Software subscription
ERP,ERP-001771,IT-01,V014,2025-03-01,2025-03-30,INV-202503-001771,6243.97,APPROVED,Marketing campaign services
ERP,ERP-001772,IT-01,V007,2025-03-01,2025-03-03,INV-202503-001772,25683.32,APPROVED,Training and certification
ERP,ERP-001773,IT-01,V016,2025-03-01,2025-03-13,INV-202503-001773,20702.14,APPROVED,Security assessment
ERP,ERP-001774,IT-01,V027,2025-04-01,2025-04-14,INV-202504-001774,37139.11,APPROVED,Data and research subscription
ERP,ERP-001775,IT-01,V011,2025-04-01,2025-04-25,INV-202504-001775,41366.00,APPROVED,Software subscription
ERP,ERP-001776,IT-01,V028,2025-04-01,2025-04-10,INV-202504-001776,2482.46,APPROVED,Marketing campaign services
ERP,ERP-001777,IT-01,V013,2025-04-01,2025-04-06,INV-202504-001777,11450.63,APPROVED,Cloud infrastructure usage
ERP,ERP-001778,IT-01,V029,2025-04-01,2025-04-30,INV-202504-001778,3293.58,PENDING,Cloud infrastructure usage
ERP,ERP-001779,IT-01,V007,2025-04-01,2025-04-09,INV-202504-001779,26234.04,APPROVED,Security assessment
ERP,ERP-001780,IT-01,V016,2025-04-01,2025-04-14,INV-202504-001780,11480.56,APPROVED,Security assessment
ERP,ERP-001781,IT-01,V015,2025-04-01,2025-04-22,INV-202504-001781,18286.46,REJECTED,Marketing campaign services
ERP,ERP-001782,IT-01,V003,2025-05-01,2025-05-08,INV-202505-001782,2695.82,APPROVED,Software subscription
ERP,ERP-001783,IT-01,V013,2025-05-01,2025-05-18,INV-202505-001783,49928.91,PENDING,Cloud infrastructure usage
ERP,ERP-001784,IT-01,V007,2025-05-01,2025-05-29,INV-202505-001784,11754.97,APPROVED,Travel and accommodation
ERP,ERP-001785,IT-01,V012,2025-05-01,2025-05-09,INV-202505-001785,2457.75,APPROVED,Professional services
ERP,ERP-001786,IT-01,V009,2025-05-01,2025-05-27,INV-202505-001786,30735.11,APPROVED,Software subscription
ERP,ERP-001787,IT-01,V018,2025-05-01,2025-05-31,INV-202505-001787,27804.77,APPROVED,Training and certification
ERP,ERP-001788,IT-01,V017,2025-05-01,2025-05-22,INV-202505-001788,51500.50,APPROVED,Data and research subscription
ERP,ERP-001789,IT-01,V003,2025-06-01,2025-06-10,INV-202506-001789,41509.44,REJECTED,Recruitment services
ERP,ERP-001790,IT-01,V025,2025-06-01,2025-06-20,INV-202506-001790,7840.75,APPROVED,Data and research subscription
ERP,ERP-001791,IT-01,V030,2025-06-01,2025-06-06,INV-202506-001791,20198.86,PENDING,Professional services
ERP,ERP-001792,IT-01,V025,2025-06-01,2025-06-24,INV-202506-001792,2170.64,APPROVED,Security assessment
ERP,ERP-001793,IT-01,V020,2025-06-01,2025-06-01,INV-202506-001793,3870.20,PENDING,Software subscription
ERP,ERP-001794,IT-01,V028,2025-06-01,2025-06-30,INV-202506-001794,18970.20,APPROVED,Professional services
ERP,ERP-001795,IT-01,V027,2025-06-01,2025-06-28,INV-202506-001795,42648.69,APPROVED,Software subscription
ERP,ERP-001796,IT-01,V017,2025-06-01,2025-06-14,INV-202506-001796,20800.26,REJECTED,Marketing campaign services
ERP,ERP-001797,IT-01,V008,2025-06-01,2025-06-23,INV-202506-001797,11555.40,PENDING,Cloud infrastructure usage
ERP,ERP-001798,IT-01,V015,2025-07-01,2025-07-06,INV-202507-001798,18638.57,APPROVED,Data and research subscription
ERP,ERP-001799,IT-01,V029,2025-07-01,2025-07-02,INV-202507-001799,4839.71,APPROVED,Data and research subscription
ERP,ERP-001800,IT-01,V006,2025-07-01,2025-07-18,INV-202507-001800,28585.74,APPROVED,Security assessment
ERP,ERP-001801,IT-01,V014,2025-07-01,2025-07-03,INV-202507-001801,13590.00,APPROVED,Professional services
ERP,ERP-001802,IT-01,V019,2025-07-01,2025-07-28,INV-202507-001802,8878.17,PENDING,Data and research subscription
ERP,ERP-001803,IT-01,V017,2025-07-01,2025-07-15,INV-202507-001803,9010.45,APPROVED,Travel and accommodation
ERP,ERP-001804,IT-01,V009,2025-07-01,2025-07-10,INV-202507-001804,14808.63,APPROVED,Marketing campaign services
ERP,ERP-001805,IT-01,V006,2025-07-01,2025-07-25,INV-202507-001805,28967.94,APPROVED,Security assessment
ERP,ERP-001806,IT-01,V015,2025-07-01,2025-07-29,INV-202507-001806,7965.55,APPROVED,Security assessment
ERP,ERP-001807,IT-01,V006,2025-07-01,2025-07-18,INV-202507-001807,5338.76,APPROVED,Marketing campaign services
ERP,ERP-001808,IT-01,V027,2025-07-01,2025-07-06,INV-202507-001808,9421.17,APPROVED,Marketing campaign services
ERP,ERP-001809,IT-01,V028,2025-08-01,2025-08-17,INV-202508-001809,13783.23,APPROVED,Data and research subscription
ERP,ERP-001810,IT-01,V013,2025-08-01,2025-08-14,INV-202508-001810,26005.90,APPROVED,Security assessment
ERP,ERP-001811,IT-01,V026,2025-08-01,2025-08-25,INV-202508-001811,9125.17,PENDING,Data and research subscription
ERP,ERP-001812,IT-01,V029,2025-08-01,2025-08-12,INV-202508-001812,42464.25,APPROVED,Data and research subscription
ERP,ERP-001813,IT-01,V015,2025-08-01,2025-08-08,INV-202508-001813,721.48,APPROVED,Travel and accommodation
ERP,ERP-001814,IT-01,V014,2025-08-01,2025-08-19,INV-202508-001814,10779.29,APPROVED,Training and certification
ERP,ERP-001815,IT-01,V020,2025-08-01,2025-08-20,INV-202508-001815,2742.70,PENDING,Marketing campaign services
ERP,ERP-001816,IT-01,V011,2025-08-01,2025-08-01,INV-202508-001816,11735.55,APPROVED,Cloud infrastructure usage
ERP,ERP-001817,IT-01,V005,2025-08-01,2025-08-03,INV-202508-001817,3095.19,APPROVED,Training and certification
ERP,ERP-001818,IT-01,V010,2025-08-01,2025-08-29,INV-202508-001818,29355.90,APPROVED,Recruitment services
ERP,ERP-001819,IT-01,V020,2025-08-01,2025-08-23,INV-202508-001819,10412.35,APPROVED,Training and certification
ERP,ERP-001820,IT-01,V011,2025-09-01,2025-09-16,INV-202509-001820,68537.26,APPROVED,Software subscription
ERP,ERP-001821,IT-01,V012,2025-09-01,2025-09-19,INV-202509-001821,22038.94,APPROVED,Cloud infrastructure usage
ERP,ERP-001822,IT-01,V027,2025-09-01,2025-09-24,INV-202509-001822,23417.48,REJECTED,Training and certification
ERP,ERP-001823,IT-01,V007,2025-09-01,2025-09-22,INV-202509-001823,6708.44,APPROVED,Training and certification
ERP,ERP-001824,IT-01,V019,2025-09-01,2025-09-23,INV-202509-001824,72907.58,PENDING,Data and research subscription
ERP,ERP-001825,IT-01,V008,2025-09-01,2025-09-30,INV-202509-001825,12129.70,APPROVED,Marketing campaign services
ERP,ERP-001826,IT-01,V023,2025-10-01,2025-10-26,INV-202510-001826,25648.35,APPROVED,Professional services
ERP,ERP-001827,IT-01,V001,2025-10-01,2025-10-28,INV-202510-001827,18136.75,PENDING,Recruitment services
ERP,ERP-001828,IT-01,V006,2025-10-01,2025-10-10,INV-202510-001828,15237.73,APPROVED,Office and facility services
ERP,ERP-001829,IT-01,V020,2025-10-01,2025-10-31,INV-202510-001829,36619.24,PENDING,Travel and accommodation
ERP,ERP-001830,IT-01,V004,2025-10-01,2025-10-04,INV-202510-001830,37626.65,PENDING,Cloud infrastructure usage
ERP,ERP-001831,IT-01,V003,2025-11-01,2025-11-04,INV-202511-001831,18682.58,APPROVED,Data and research subscription
ERP,ERP-001832,IT-01,V016,2025-11-01,2025-11-21,INV-202511-001832,14153.31,APPROVED,Data and research subscription
ERP,ERP-001833,IT-01,V027,2025-11-01,2025-11-21,INV-202511-001833,10247.61,PENDING,Security assessment
ERP,ERP-001834,IT-01,V028,2025-11-01,2025-11-23,INV-202511-001834,49244.16,APPROVED,Recruitment services
ERP,ERP-001835,IT-01,V013,2025-11-01,2025-11-26,INV-202511-001835,6888.70,APPROVED,Training and certification
ERP,ERP-001836,IT-01,V015,2025-11-01,2025-11-15,INV-202511-001836,27913.33,APPROVED,Professional services
ERP,ERP-001837,IT-01,V009,2025-11-01,2025-11-13,INV-202511-001837,49926.62,PENDING,Marketing campaign services
ERP,ERP-001838,IT-01,V010,2025-11-01,2025-11-05,INV-202511-001838,977.53,PENDING,Office and facility services
ERP,ERP-001839,IT-01,V006,2025-11-01,2025-11-27,INV-202511-001839,14707.05,APPROVED,Recruitment services
ERP,ERP-001840,IT-01,V013,2025-12-01,2025-12-30,INV-202512-001840,75762.58,PENDING,Data and research subscription
ERP,ERP-001841,IT-01,V028,2025-12-01,2025-12-03,INV-202512-001841,9094.64,REJECTED,Data and research subscription
ERP,ERP-001842,IT-01,V018,2025-12-01,2025-12-08,INV-202512-001842,35846.32,REJECTED,Travel and accommodation
ERP,ERP-001843,IT-01,V013,2025-12-01,2025-12-12,INV-202512-001843,69488.98,PENDING,Security assessment
ERP,ERP-001844,IT-01,V008,2025-12-01,2025-12-19,INV-202512-001844,56162.50,APPROVED,Professional services
ERP,ERP-001845,IT-02,V012,2025-01-01,2025-01-22,INV-202501-001845,12555.33,APPROVED,Professional services
ERP,ERP-001846,IT-02,V025,2025-01-01,2025-01-19,INV-202501-001846,5193.39,APPROVED,Data and research subscription
ERP,ERP-001847,IT-02,V019,2025-01-01,2025-01-25,INV-202501-001847,12175.82,APPROVED,Software subscription
ERP,ERP-001848,IT-02,V002,2025-01-01,2025-01-20,INV-202501-001848,100816.54,APPROVED,Cloud infrastructure usage
ERP,ERP-001849,IT-02,V005,2025-01-01,2025-01-23,INV-202501-001849,20561.83,APPROVED,Security assessment
ERP,ERP-001850,IT-02,V016,2025-01-01,2025-01-25,INV-202501-001850,27892.30,APPROVED,Security assessment
ERP,ERP-001851,IT-02,V020,2025-01-01,2025-01-29,INV-202501-001851,6967.09,APPROVED,Cloud infrastructure usage
ERP,ERP-001852,IT-02,V006,2025-01-01,2025-01-27,INV-202501-001852,42157.19,APPROVED,Recruitment services
ERP,ERP-001853,IT-02,V023,2025-01-01,2025-01-25,INV-202501-001853,19703.56,APPROVED,Travel and accommodation
ERP,ERP-001854,IT-02,V013,2025-01-01,2025-01-08,INV-202501-001854,27221.96,APPROVED,Cloud infrastructure usage
ERP,ERP-001855,IT-02,V020,2025-01-01,2025-01-12,INV-202501-001855,15759.71,APPROVED,Recruitment services
ERP,ERP-001856,IT-02,V013,2025-02-01,2025-02-08,INV-202502-001856,54220.58,APPROVED,Cloud infrastructure usage
ERP,ERP-001857,IT-02,V002,2025-02-01,2025-02-06,INV-202502-001857,25407.23,APPROVED,Software subscription
ERP,ERP-001858,IT-02,V020,2025-02-01,2025-02-04,INV-202502-001858,50665.16,REJECTED,Data and research subscription
ERP,ERP-001859,IT-02,V025,2025-02-01,2025-02-24,INV-202502-001859,89049.52,REJECTED,Training and certification
ERP,ERP-001860,IT-02,V005,2025-02-01,2025-02-13,INV-202502-001860,20165.07,APPROVED,Cloud infrastructure usage
ERP,ERP-001861,IT-02,V019,2025-03-01,2025-03-30,INV-202503-001861,23790.02,APPROVED,Office and facility services
ERP,ERP-001862,IT-02,V021,2025-03-01,2025-03-08,INV-202503-001862,31053.16,APPROVED,Training and certification
ERP,ERP-001863,IT-02,V026,2025-03-01,2025-03-04,INV-202503-001863,21587.82,APPROVED,Marketing campaign services
ERP,ERP-001864,IT-02,V026,2025-03-01,2025-03-20,INV-202503-001864,36752.50,APPROVED,Travel and accommodation
ERP,ERP-001865,IT-02,V029,2025-03-01,2025-03-21,INV-202503-001865,50749.12,PENDING,Recruitment services
ERP,ERP-001866,IT-02,V022,2025-03-01,2025-03-26,INV-202503-001866,36146.98,APPROVED,Security assessment
ERP,ERP-001867,IT-02,V009,2025-03-01,2025-03-01,INV-202503-001867,17610.94,APPROVED,Security assessment
ERP,ERP-001868,IT-02,V005,2025-03-01,2025-03-18,INV-202503-001868,93568.86,APPROVED,Travel and accommodation
ERP,ERP-001869,IT-02,V022,2025-04-01,2025-04-14,INV-202504-001869,17731.71,APPROVED,Software subscription
ERP,ERP-001870,IT-02,V009,2025-04-01,2025-04-23,INV-202504-001870,57556.53,PENDING,Recruitment services
ERP,ERP-001871,IT-02,V029,2025-04-01,2025-04-12,INV-202504-001871,22105.92,APPROVED,Security assessment
ERP,ERP-001872,IT-02,V016,2025-04-01,2025-04-19,INV-202504-001872,17783.03,APPROVED,Cloud infrastructure usage
ERP,ERP-001873,IT-02,V030,2025-04-01,2025-04-16,INV-202504-001873,66108.63,APPROVED,Travel and accommodation
ERP,ERP-001874,IT-02,V002,2025-04-01,2025-04-25,INV-202504-001874,87910.10,APPROVED,Marketing campaign services
ERP,ERP-001875,IT-02,V024,2025-04-01,2025-04-19,INV-202504-001875,11510.88,APPROVED,Recruitment services
ERP,ERP-001876,IT-02,V011,2025-04-01,2025-04-06,INV-202504-001876,9582.86,APPROVED,Software subscription
ERP,ERP-001877,IT-02,V026,2025-05-01,2025-05-12,INV-202505-001877,145077.40,APPROVED,Software subscription
ERP,ERP-001878,IT-02,V015,2025-05-01,2025-05-20,INV-202505-001878,28307.88,PENDING,Travel and accommodation
ERP,ERP-001879,IT-02,V023,2025-05-01,2025-05-01,INV-202505-001879,23307.93,APPROVED,Data and research subscription
ERP,ERP-001880,IT-02,V024,2025-05-01,2025-05-13,INV-202505-001880,44363.10,APPROVED,Software subscription
ERP,ERP-001881,IT-02,V013,2025-05-01,2025-05-26,INV-202505-001881,25558.20,APPROVED,Software subscription
ERP,ERP-001882,IT-02,V010,2025-05-01,2025-05-28,INV-202505-001882,5035.10,PENDING,Training and certification
ERP,ERP-001883,IT-02,V022,2025-06-01,2025-06-08,INV-202506-001883,22777.44,APPROVED,Recruitment services
ERP,ERP-001884,IT-02,V012,2025-06-01,2025-06-25,INV-202506-001884,45806.32,APPROVED,Office and facility services
ERP,ERP-001885,IT-02,V008,2025-06-01,2025-06-02,INV-202506-001885,18843.66,PENDING,Office and facility services
ERP,ERP-001886,IT-02,V020,2025-06-01,2025-06-14,INV-202506-001886,47392.26,APPROVED,Software subscription
ERP,ERP-001887,IT-02,V021,2025-06-01,2025-06-05,INV-202506-001887,52665.71,APPROVED,Data and research subscription
ERP,ERP-001888,IT-02,V024,2025-06-01,2025-06-08,INV-202506-001888,24796.32,APPROVED,Software subscription
ERP,ERP-001889,IT-02,V023,2025-06-01,2025-06-14,INV-202506-001889,37747.76,APPROVED,Training and certification
ERP,ERP-001890,IT-02,V008,2025-06-01,2025-06-18,INV-202506-001890,31403.80,APPROVED,Travel and accommodation
ERP,ERP-001891,IT-02,V020,2025-06-01,2025-06-08,INV-202506-001891,29610.94,PENDING,Security assessment
ERP,ERP-001892,IT-02,V029,2025-06-01,2025-06-29,INV-202506-001892,24911.67,APPROVED,Professional services
ERP,ERP-001893,IT-02,V006,2025-07-01,2025-07-01,INV-202507-001893,13872.77,APPROVED,Recruitment services
ERP,ERP-001894,IT-02,V014,2025-07-01,2025-07-17,INV-202507-001894,7232.92,APPROVED,Travel and accommodation
ERP,ERP-001895,IT-02,V015,2025-07-01,2025-07-07,INV-202507-001895,10971.51,APPROVED,Recruitment services
ERP,ERP-001896,IT-02,V018,2025-07-01,2025-07-04,INV-202507-001896,15010.82,APPROVED,Cloud infrastructure usage
ERP,ERP-001897,IT-02,V027,2025-07-01,2025-07-20,INV-202507-001897,27864.59,APPROVED,Security assessment
ERP,ERP-001898,IT-02,V016,2025-07-01,2025-07-04,INV-202507-001898,6278.57,APPROVED,Cloud infrastructure usage
ERP,ERP-001899,IT-02,V027,2025-07-01,2025-07-01,INV-202507-001899,35121.45,APPROVED,Software subscription
ERP,ERP-001900,IT-02,V018,2025-07-01,2025-07-10,INV-202507-001900,92864.68,PENDING,Security assessment
ERP,ERP-001901,IT-02,V005,2025-07-01,2025-07-06,INV-202507-001901,65428.27,APPROVED,Travel and accommodation
ERP,ERP-001902,IT-02,V027,2025-08-01,2025-08-20,INV-202508-001902,26619.78,APPROVED,Software subscription
ERP,ERP-001903,IT-02,V019,2025-08-01,2025-08-01,INV-202508-001903,50776.42,APPROVED,Professional services
ERP,ERP-001904,IT-02,V014,2025-08-01,2025-08-01,INV-202508-001904,125507.22,PENDING,Office and facility services
ERP,ERP-001905,IT-02,V015,2025-08-01,2025-08-30,INV-202508-001905,42581.73,APPROVED,Travel and accommodation
ERP,ERP-001906,IT-02,V001,2025-08-01,2025-08-07,INV-202508-001906,8489.36,APPROVED,Travel and accommodation
ERP,ERP-001907,IT-02,V030,2025-08-01,2025-08-01,INV-202508-001907,14205.52,PENDING,Professional services
ERP,ERP-001908,IT-02,V016,2025-09-01,2025-09-15,INV-202509-001908,13689.48,APPROVED,Data and research subscription
ERP,ERP-001909,IT-02,V011,2025-09-01,2025-09-05,INV-202509-001909,69099.51,APPROVED,Recruitment services
ERP,ERP-001910,IT-02,V020,2025-09-01,2025-09-26,INV-202509-001910,1225.08,PENDING,Marketing campaign services
ERP,ERP-001911,IT-02,V026,2025-09-01,2025-09-09,INV-202509-001911,30110.51,APPROVED,Security assessment
ERP,ERP-001912,IT-02,V006,2025-09-01,2025-09-08,INV-202509-001912,28455.79,APPROVED,Travel and accommodation
ERP,ERP-001913,IT-02,V012,2025-09-01,2025-09-25,INV-202509-001913,50599.27,APPROVED,Travel and accommodation
ERP,ERP-001914,IT-02,V010,2025-09-01,2025-09-17,INV-202509-001914,18321.39,PENDING,Security assessment
ERP,ERP-001915,IT-02,V001,2025-09-01,2025-09-12,INV-202509-001915,47700.33,APPROVED,Security assessment
ERP,ERP-001916,IT-02,V015,2025-09-01,2025-09-09,INV-202509-001916,59583.58,PENDING,Marketing campaign services
ERP,ERP-001917,IT-02,V012,2025-10-01,2025-10-01,INV-202510-001917,40335.48,PENDING,Security assessment
ERP,ERP-001918,IT-02,V002,2025-10-01,2025-10-30,INV-202510-001918,26607.99,PENDING,Training and certification
ERP,ERP-001919,IT-02,V024,2025-10-01,2025-10-26,INV-202510-001919,1378.28,APPROVED,Software subscription
ERP,ERP-001920,IT-02,V015,2025-10-01,2025-10-04,INV-202510-001920,58351.89,APPROVED,Security assessment
ERP,ERP-001921,IT-02,V014,2025-10-01,2025-10-11,INV-202510-001921,19912.51,APPROVED,Travel and accommodation
ERP,ERP-001922,IT-02,V027,2025-10-01,2025-10-27,INV-202510-001922,14708.56,APPROVED,Travel and accommodation
ERP,ERP-001923,IT-02,V016,2025-10-01,2025-10-16,INV-202510-001923,73954.02,PENDING,Recruitment services
ERP,ERP-001924,IT-02,V018,2025-10-01,2025-10-27,INV-202510-001924,39318.86,PENDING,Professional services
ERP,ERP-001925,IT-02,V014,2025-10-01,2025-10-18,INV-202510-001925,29700.14,APPROVED,Software subscription
ERP,ERP-001926,IT-02,V004,2025-11-01,2025-11-01,INV-202511-001926,28026.33,APPROVED,Travel and accommodation
ERP,ERP-001927,IT-02,V021,2025-11-01,2025-11-22,INV-202511-001927,34255.17,APPROVED,Marketing campaign services
ERP,ERP-001928,IT-02,V023,2025-11-01,2025-11-27,INV-202511-001928,20043.00,APPROVED,Office and facility services
ERP,ERP-001929,IT-02,V004,2025-11-01,2025-11-09,INV-202511-001929,24137.02,APPROVED,Security assessment
ERP,ERP-001930,IT-02,V017,2025-11-01,2025-11-08,INV-202511-001930,2619.76,APPROVED,Training and certification
ERP,ERP-001931,IT-02,V009,2025-11-01,2025-11-25,INV-202511-001931,15776.90,APPROVED,Cloud infrastructure usage
ERP,ERP-001932,IT-02,V014,2025-11-01,2025-11-24,INV-202511-001932,10960.41,APPROVED,Recruitment services
ERP,ERP-001933,IT-02,V027,2025-11-01,2025-11-28,INV-202511-001933,51156.96,APPROVED,Training and certification
ERP,ERP-001934,IT-02,V019,2025-11-01,2025-11-08,INV-202511-001934,17593.98,APPROVED,Recruitment services
ERP,ERP-001935,IT-02,V022,2025-11-01,2025-11-14,INV-202511-001935,52707.70,PENDING,Office and facility services
ERP,ERP-001936,IT-02,V017,2025-12-01,2025-12-29,INV-202512-001936,4426.04,REJECTED,Training and certification
ERP,ERP-001937,IT-02,V028,2025-12-01,2025-12-11,INV-202512-001937,33280.92,APPROVED,Training and certification
ERP,ERP-001938,IT-02,V015,2025-12-01,2025-12-12,INV-202512-001938,9931.10,REJECTED,Recruitment services
ERP,ERP-001939,IT-02,V023,2025-12-01,2025-12-14,INV-202512-001939,61300.81,APPROVED,Office and facility services
ERP,ERP-001940,IT-02,V006,2025-12-01,2025-12-17,INV-202512-001940,121321.30,APPROVED,Training and certification
ERP,ERP-001941,IT-02,V030,2025-12-01,2025-12-19,INV-202512-001941,73275.36,APPROVED,Travel and accommodation
ERP,ERP-001942,IT-03,V010,2025-01-01,2025-01-28,INV-202501-001942,22660.36,APPROVED,Training and certification
ERP,ERP-001943,IT-03,V029,2025-01-01,2025-01-04,INV-202501-001943,26328.99,APPROVED,Office and facility services
ERP,ERP-001944,IT-03,V004,2025-01-01,2025-01-26,INV-202501-001944,22523.61,APPROVED,Software subscription
ERP,ERP-001945,IT-03,V019,2025-01-01,2025-01-10,INV-202501-001945,34960.93,APPROVED,Travel and accommodation
ERP,ERP-001946,IT-03,V024,2025-01-01,2025-01-18,INV-202501-001946,35125.32,APPROVED,Cloud infrastructure usage
ERP,ERP-001947,IT-03,V024,2025-01-01,2025-01-17,INV-202501-001947,123182.57,APPROVED,Security assessment
ERP,ERP-001948,IT-03,V013,2025-01-01,2025-01-18,INV-202501-001948,21884.45,APPROVED,Recruitment services
ERP,ERP-001949,IT-03,V023,2025-02-01,2025-02-13,INV-202502-001949,16352.71,APPROVED,Marketing campaign services
ERP,ERP-001950,IT-03,V010,2025-02-01,2025-02-02,INV-202502-001950,22914.91,APPROVED,Travel and accommodation
ERP,ERP-001951,IT-03,V005,2025-02-01,2025-02-12,INV-202502-001951,39641.12,APPROVED,Software subscription
ERP,ERP-001952,IT-03,V024,2025-02-01,2025-02-09,INV-202502-001952,13345.61,APPROVED,Travel and accommodation
ERP,ERP-001953,IT-03,V028,2025-02-01,2025-02-09,INV-202502-001953,17435.25,APPROVED,Office and facility services
ERP,ERP-001954,IT-03,V014,2025-02-01,2025-02-26,INV-202502-001954,6632.98,APPROVED,Recruitment services
ERP,ERP-001955,IT-03,V002,2025-02-01,2025-02-03,INV-202502-001955,71917.22,APPROVED,Training and certification
ERP,ERP-001956,IT-03,V005,2025-02-01,2025-02-27,INV-202502-001956,11961.05,APPROVED,Cloud infrastructure usage
ERP,ERP-001957,IT-03,V020,2025-02-01,2025-02-13,INV-202502-001957,49593.19,PENDING,Office and facility services
ERP,ERP-001958,IT-03,V006,2025-03-01,2025-03-17,INV-202503-001958,40784.75,APPROVED,Professional services
ERP,ERP-001959,IT-03,V018,2025-03-01,2025-03-03,INV-202503-001959,3551.94,APPROVED,Data and research subscription
ERP,ERP-001960,IT-03,V013,2025-03-01,2025-03-06,INV-202503-001960,9570.77,APPROVED,Cloud infrastructure usage
ERP,ERP-001961,IT-03,V007,2025-03-01,2025-03-31,INV-202503-001961,1522.33,APPROVED,Professional services
ERP,ERP-001962,IT-03,V025,2025-03-01,2025-03-27,INV-202503-001962,47678.61,APPROVED,Security assessment
ERP,ERP-001963,IT-03,V005,2025-03-01,2025-03-03,INV-202503-001963,38137.47,REJECTED,Security assessment
ERP,ERP-001964,IT-03,V001,2025-03-01,2025-03-07,INV-202503-001964,47136.77,APPROVED,Data and research subscription
ERP,ERP-001965,IT-03,V027,2025-03-01,2025-03-27,INV-202503-001965,80210.15,REJECTED,Data and research subscription
ERP,ERP-001966,IT-03,V019,2025-03-01,2025-03-17,INV-202503-001966,26214.50,APPROVED,Data and research subscription
ERP,ERP-001967,IT-03,V002,2025-03-01,2025-03-01,INV-202503-001967,500.00,APPROVED,Office and facility services
ERP,ERP-001968,IT-03,V008,2025-03-01,2025-03-12,INV-202503-001968,41534.49,APPROVED,Security assessment
ERP,ERP-001969,IT-03,V023,2025-04-01,2025-04-28,INV-202504-001969,20819.90,PENDING,Cloud infrastructure usage
ERP,ERP-001970,IT-03,V020,2025-04-01,2025-04-05,INV-202504-001970,70135.10,PENDING,Office and facility services
ERP,ERP-001971,IT-03,V002,2025-04-01,2025-04-09,INV-202504-001971,16602.23,APPROVED,Training and certification
ERP,ERP-001972,IT-03,V023,2025-04-01,2025-04-26,INV-202504-001972,8545.89,APPROVED,Travel and accommodation
ERP,ERP-001973,IT-03,V024,2025-04-01,2025-04-25,INV-202504-001973,77823.90,PENDING,Professional services
ERP,ERP-001974,IT-03,V008,2025-04-01,2025-04-20,INV-202504-001974,35816.74,APPROVED,Travel and accommodation
ERP,ERP-001975,IT-03,V029,2025-04-01,2025-04-12,INV-202504-001975,34284.65,REJECTED,Office and facility services
ERP,ERP-001976,IT-03,V002,2025-04-01,2025-04-10,INV-202504-001976,17961.96,APPROVED,Office and facility services
ERP,ERP-001977,IT-03,V010,2025-05-01,2025-05-27,INV-202505-001977,14509.48,APPROVED,Data and research subscription
ERP,ERP-001978,IT-03,V015,2025-05-01,2025-05-15,INV-202505-001978,37846.52,APPROVED,Cloud infrastructure usage
ERP,ERP-001979,IT-03,V025,2025-05-01,2025-05-15,INV-202505-001979,46832.12,APPROVED,Office and facility services
ERP,ERP-001980,IT-03,V024,2025-05-01,2025-05-12,INV-202505-001980,10461.99,APPROVED,Data and research subscription
ERP,ERP-001981,IT-03,V025,2025-05-01,2025-05-01,INV-202505-001981,32891.52,APPROVED,Professional services
ERP,ERP-001982,IT-03,V027,2025-05-01,2025-05-31,INV-202505-001982,607.78,APPROVED,Security assessment
ERP,ERP-001983,IT-03,V013,2025-05-01,2025-05-07,INV-202505-001983,5387.69,APPROVED,Travel and accommodation
ERP,ERP-001984,IT-03,V025,2025-05-01,2025-05-03,INV-202505-001984,27902.96,APPROVED,Software subscription
ERP,ERP-001985,IT-03,V023,2025-05-01,2025-05-26,INV-202505-001985,5834.73,APPROVED,Office and facility services
ERP,ERP-001986,IT-03,V013,2025-05-01,2025-05-18,INV-202505-001986,13628.26,PENDING,Cloud infrastructure usage
ERP,ERP-001987,IT-03,V007,2025-06-01,2025-06-05,INV-202506-001987,37593.65,APPROVED,Security assessment
ERP,ERP-001988,IT-03,V002,2025-06-01,2025-06-19,INV-202506-001988,77515.10,APPROVED,Cloud infrastructure usage
ERP,ERP-001989,IT-03,V008,2025-06-01,2025-06-03,INV-202506-001989,11665.60,APPROVED,Data and research subscription
ERP,ERP-001990,IT-03,V004,2025-06-01,2025-06-19,INV-202506-001990,80492.86,APPROVED,Professional services
ERP,ERP-001991,IT-03,V030,2025-06-01,2025-06-04,INV-202506-001991,53599.35,PENDING,Data and research subscription
ERP,ERP-001992,IT-03,V028,2025-06-01,2025-06-25,INV-202506-001992,55507.96,PENDING,Travel and accommodation
ERP,ERP-001993,IT-03,V009,2025-07-01,2025-07-04,INV-202507-001993,117411.63,APPROVED,Recruitment services
ERP,ERP-001994,IT-03,V014,2025-07-01,2025-07-01,INV-202507-001994,72453.89,APPROVED,Office and facility services
ERP,ERP-001995,IT-03,V023,2025-07-01,2025-07-20,INV-202507-001995,17473.57,APPROVED,Professional services
ERP,ERP-001996,IT-03,V003,2025-07-01,2025-07-21,INV-202507-001996,80281.29,APPROVED,Training and certification
ERP,ERP-001997,IT-03,V022,2025-07-01,2025-07-23,INV-202507-001997,7951.75,APPROVED,Travel and accommodation
ERP,ERP-001998,IT-03,V026,2025-08-01,2025-08-29,INV-202508-001998,18569.20,APPROVED,Security assessment
ERP,ERP-001999,IT-03,V001,2025-08-01,2025-08-17,INV-202508-001999,93160.01,APPROVED,Travel and accommodation
ERP,ERP-002000,IT-03,V006,2025-08-01,2025-08-28,INV-202508-002000,26239.33,APPROVED,Office and facility services
ERP,ERP-002001,IT-03,V006,2025-08-01,2025-08-24,INV-202508-002001,16746.48,APPROVED,Office and facility services
ERP,ERP-002002,IT-03,V012,2025-08-01,2025-08-03,INV-202508-002002,20434.00,APPROVED,Training and certification
ERP,ERP-002003,IT-03,V011,2025-08-01,2025-08-11,INV-202508-002003,29384.90,PENDING,Professional services
ERP,ERP-002004,IT-03,V017,2025-08-01,2025-08-09,INV-202508-002004,36256.08,APPROVED,Marketing campaign services
ERP,ERP-002005,IT-03,V023,2025-08-01,2025-08-18,INV-202508-002005,13149.30,APPROVED,Recruitment services
ERP,ERP-002006,IT-03,V008,2025-09-01,2025-09-20,INV-202509-002006,81283.45,APPROVED,Data and research subscription
ERP,ERP-002007,IT-03,V020,2025-09-01,2025-09-27,INV-202509-002007,93045.03,PENDING,Travel and accommodation
ERP,ERP-002008,IT-03,V002,2025-09-01,2025-09-27,INV-202509-002008,9456.18,APPROVED,Office and facility services
ERP,ERP-002009,IT-03,V003,2025-09-01,2025-09-14,INV-202509-002009,3429.62,APPROVED,Travel and accommodation
ERP,ERP-002010,IT-03,V009,2025-09-01,2025-09-04,INV-202509-002010,34025.91,APPROVED,Data and research subscription
ERP,ERP-002011,IT-03,V004,2025-09-01,2025-09-11,INV-202509-002011,15787.25,APPROVED,Software subscription
ERP,ERP-002012,IT-03,V026,2025-09-01,2025-09-19,INV-202509-002012,20016.99,APPROVED,Data and research subscription
ERP,ERP-002013,IT-03,V028,2025-09-01,2025-09-04,INV-202509-002013,21323.46,APPROVED,Travel and accommodation
ERP,ERP-002014,IT-03,V017,2025-09-01,2025-09-13,INV-202509-002014,19020.95,APPROVED,Security assessment
ERP,ERP-002015,IT-03,V022,2025-09-01,2025-09-19,INV-202509-002015,48101.29,APPROVED,Training and certification
ERP,ERP-002016,IT-03,V010,2025-10-01,2025-10-02,INV-202510-002016,10979.99,APPROVED,Security assessment
ERP,ERP-002017,IT-03,V020,2025-10-01,2025-10-28,INV-202510-002017,33792.67,APPROVED,Professional services
ERP,ERP-002018,IT-03,V027,2025-10-01,2025-10-20,INV-202510-002018,6736.11,APPROVED,Training and certification
ERP,ERP-002019,IT-03,V003,2025-10-01,2025-10-14,INV-202510-002019,20935.78,APPROVED,Security assessment
ERP,ERP-002020,IT-03,V008,2025-10-01,2025-10-16,INV-202510-002020,102423.65,APPROVED,Training and certification
ERP,ERP-002021,IT-03,V012,2025-10-01,2025-10-07,INV-202510-002021,8321.05,APPROVED,Professional services
ERP,ERP-002022,IT-03,V015,2025-10-01,2025-10-28,INV-202510-002022,4890.27,APPROVED,Security assessment
ERP,ERP-002023,IT-03,V004,2025-10-01,2025-10-11,INV-202510-002023,50677.96,APPROVED,Office and facility services
ERP,ERP-002024,IT-03,V002,2025-10-01,2025-10-05,INV-202510-002024,11776.44,APPROVED,Travel and accommodation
ERP,ERP-002025,IT-03,V005,2025-10-01,2025-10-21,INV-202510-002025,13657.62,APPROVED,Marketing campaign services
ERP,ERP-002026,IT-03,V002,2025-11-01,2025-11-12,INV-202511-002026,58376.33,APPROVED,Travel and accommodation
ERP,ERP-002027,IT-03,V019,2025-11-01,2025-11-10,INV-202511-002027,2206.95,APPROVED,Training and certification
ERP,ERP-002028,IT-03,V027,2025-11-01,2025-11-15,INV-202511-002028,36589.11,APPROVED,Marketing campaign services
ERP,ERP-002029,IT-03,V028,2025-11-01,2025-11-29,INV-202511-002029,8715.10,APPROVED,Professional services
ERP,ERP-002030,IT-03,V028,2025-11-01,2025-11-12,INV-202511-002030,10095.85,APPROVED,Data and research subscription
ERP,ERP-002031,IT-03,V010,2025-11-01,2025-11-02,INV-202511-002031,47951.08,PENDING,Professional services
ERP,ERP-002032,IT-03,V027,2025-11-01,2025-11-07,INV-202511-002032,9825.98,PENDING,Recruitment services
ERP,ERP-002033,IT-03,V007,2025-11-01,2025-11-17,INV-202511-002033,4536.68,APPROVED,Travel and accommodation
ERP,ERP-002034,IT-03,V022,2025-11-01,2025-11-20,INV-202511-002034,21711.66,APPROVED,Training and certification
ERP,ERP-002035,IT-03,V015,2025-11-01,2025-11-06,INV-202511-002035,34247.34,APPROVED,Office and facility services
ERP,ERP-002036,IT-03,V027,2025-11-01,2025-11-03,INV-202511-002036,7840.11,APPROVED,Travel and accommodation
ERP,ERP-002037,IT-03,V008,2025-12-01,2025-12-29,INV-202512-002037,137631.23,PENDING,Marketing campaign services
ERP,ERP-002038,IT-03,V012,2025-12-01,2025-12-07,INV-202512-002038,10040.75,APPROVED,Cloud infrastructure usage
ERP,ERP-002039,IT-03,V023,2025-12-01,2025-12-09,INV-202512-002039,33938.40,APPROVED,Data and research subscription
ERP,ERP-002040,IT-03,V010,2025-12-01,2025-12-17,INV-202512-002040,37251.83,APPROVED,Training and certification
ERP,ERP-002041,IT-03,V015,2025-12-01,2025-12-07,INV-202512-002041,10145.43,APPROVED,Cloud infrastructure usage
ERP,ERP-002042,IT-03,V005,2025-12-01,2025-12-23,INV-202512-002042,18144.74,APPROVED,Security assessment
ERP,ERP-002043,IT-03,V002,2025-12-01,2025-12-03,INV-202512-002043,3019.93,APPROVED,Security assessment
ERP,ERP-002044,IT-03,V025,2025-12-01,2025-12-30,INV-202512-002044,77450.23,PENDING,Training and certification
ERP,ERP-002045,IT-03,V023,2025-12-01,2025-12-19,INV-202512-002045,62698.06,APPROVED,Professional services
ERP,ERP-002046,IT-03,V030,2025-12-01,2025-12-25,INV-202512-002046,10471.94,APPROVED,Recruitment services
ERP,ERP-002047,LEGAL-01,V013,2025-01-01,2025-01-22,INV-202501-002047,965.53,APPROVED,Data and research subscription
ERP,ERP-002048,LEGAL-01,V029,2025-01-01,2025-01-15,INV-202501-002048,12252.08,PENDING,Travel and accommodation
ERP,ERP-002049,LEGAL-01,V023,2025-01-01,2025-01-28,INV-202501-002049,12759.96,APPROVED,Marketing campaign services
ERP,ERP-002050,LEGAL-01,V013,2025-01-01,2025-01-26,INV-202501-002050,11032.48,APPROVED,Software subscription
ERP,ERP-002051,LEGAL-01,V026,2025-01-01,2025-01-31,INV-202501-002051,6231.29,APPROVED,Data and research subscription
ERP,ERP-002052,LEGAL-01,V029,2025-01-01,2025-01-04,INV-202501-002052,15163.22,APPROVED,Data and research subscription
ERP,ERP-002053,LEGAL-01,V030,2025-01-01,2025-01-28,INV-202501-002053,6204.56,APPROVED,Training and certification
ERP,ERP-002054,LEGAL-01,V003,2025-01-01,2025-01-27,INV-202501-002054,11342.09,APPROVED,Recruitment services
ERP,ERP-002055,LEGAL-01,V026,2025-01-01,2025-01-15,INV-202501-002055,3615.53,APPROVED,Software subscription
ERP,ERP-002056,LEGAL-01,V016,2025-02-01,2025-02-11,INV-202502-002056,1933.77,APPROVED,Training and certification
ERP,ERP-002057,LEGAL-01,V013,2025-02-01,2025-02-19,INV-202502-002057,749.61,APPROVED,Travel and accommodation
ERP,ERP-002058,LEGAL-01,V008,2025-02-01,2025-02-23,INV-202502-002058,10856.53,APPROVED,Software subscription
ERP,ERP-002059,LEGAL-01,V008,2025-02-01,2025-02-11,INV-202502-002059,10956.48,APPROVED,Office and facility services
ERP,ERP-002060,LEGAL-01,V024,2025-02-01,2025-02-03,INV-202502-002060,13328.89,APPROVED,Security assessment
ERP,ERP-002061,LEGAL-01,V023,2025-02-01,2025-02-14,INV-202502-002061,3004.81,APPROVED,Office and facility services
ERP,ERP-002062,LEGAL-01,V022,2025-02-01,2025-02-03,INV-202502-002062,10198.13,REJECTED,Travel and accommodation
ERP,ERP-002063,LEGAL-01,V014,2025-02-01,2025-02-28,INV-202502-002063,10178.47,APPROVED,Marketing campaign services
ERP,ERP-002064,LEGAL-01,V013,2025-02-01,2025-02-02,INV-202502-002064,9960.81,APPROVED,Software subscription
ERP,ERP-002065,LEGAL-01,V021,2025-03-01,2025-03-14,INV-202503-002065,49959.60,APPROVED,Data and research subscription
ERP,ERP-002066,LEGAL-01,V028,2025-03-01,2025-03-07,INV-202503-002066,12572.86,APPROVED,Travel and accommodation
ERP,ERP-002067,LEGAL-01,V018,2025-03-01,2025-03-03,INV-202503-002067,10195.10,PENDING,Data and research subscription
ERP,ERP-002068,LEGAL-01,V027,2025-03-01,2025-03-21,INV-202503-002068,9930.38,APPROVED,Cloud infrastructure usage
ERP,ERP-002069,LEGAL-01,V003,2025-03-01,2025-03-04,INV-202503-002069,37804.01,APPROVED,Marketing campaign services
ERP,ERP-002070,LEGAL-01,V007,2025-04-01,2025-04-15,INV-202504-002070,8510.08,APPROVED,Marketing campaign services
ERP,ERP-002071,LEGAL-01,V020,2025-04-01,2025-04-29,INV-202504-002071,12755.06,APPROVED,Recruitment services
ERP,ERP-002072,LEGAL-01,V016,2025-04-01,2025-04-01,INV-202504-002072,4978.71,PENDING,Software subscription
ERP,ERP-002073,LEGAL-01,V005,2025-04-01,2025-04-20,INV-202504-002073,24985.23,APPROVED,Travel and accommodation
ERP,ERP-002074,LEGAL-01,V014,2025-04-01,2025-04-25,INV-202504-002074,3316.38,APPROVED,Security assessment
ERP,ERP-002075,LEGAL-01,V010,2025-04-01,2025-04-05,INV-202504-002075,3501.13,PENDING,Software subscription
ERP,ERP-002076,LEGAL-01,V025,2025-04-01,2025-04-11,INV-202504-002076,11555.43,APPROVED,Training and certification
ERP,ERP-002077,LEGAL-01,V004,2025-04-01,2025-04-02,INV-202504-002077,4902.82,APPROVED,Travel and accommodation
ERP,ERP-002078,LEGAL-01,V024,2025-04-01,2025-04-25,INV-202504-002078,810.61,APPROVED,Office and facility services
ERP,ERP-002079,LEGAL-01,V010,2025-05-01,2025-05-23,INV-202505-002079,13239.89,PENDING,Cloud infrastructure usage
ERP,ERP-002080,LEGAL-01,V004,2025-05-01,2025-05-25,INV-202505-002080,8146.83,APPROVED,Data and research subscription
ERP,ERP-002081,LEGAL-01,V016,2025-05-01,2025-05-17,INV-202505-002081,1246.97,APPROVED,Training and certification
ERP,ERP-002082,LEGAL-01,V026,2025-05-01,2025-05-04,INV-202505-002082,41219.87,APPROVED,Cloud infrastructure usage
ERP,ERP-002083,LEGAL-01,V007,2025-05-01,2025-05-27,INV-202505-002083,14618.45,REJECTED,Travel and accommodation
ERP,ERP-002084,LEGAL-01,V027,2025-05-01,2025-05-20,INV-202505-002084,8953.74,APPROVED,Security assessment
ERP,ERP-002085,LEGAL-01,V013,2025-05-01,2025-05-12,INV-202505-002085,1352.94,APPROVED,Cloud infrastructure usage
ERP,ERP-002086,LEGAL-01,V005,2025-06-01,2025-06-07,INV-202506-002086,5755.76,APPROVED,Software subscription
ERP,ERP-002087,LEGAL-01,V030,2025-06-01,2025-06-24,INV-202506-002087,10521.15,APPROVED,Professional services
ERP,ERP-002088,LEGAL-01,V008,2025-06-01,2025-06-13,INV-202506-002088,8026.52,APPROVED,Data and research subscription
ERP,ERP-002089,LEGAL-01,V018,2025-06-01,2025-06-23,INV-202506-002089,11875.34,APPROVED,Security assessment
ERP,ERP-002090,LEGAL-01,V008,2025-06-01,2025-06-10,INV-202506-002090,11367.77,APPROVED,Cloud infrastructure usage
ERP,ERP-002091,LEGAL-01,V017,2025-06-01,2025-06-29,INV-202506-002091,32375.51,REJECTED,Cloud infrastructure usage
ERP,ERP-002092,LEGAL-01,V018,2025-06-01,2025-06-05,INV-202506-002092,4277.39,APPROVED,Travel and accommodation
ERP,ERP-002093,LEGAL-01,V008,2025-06-01,2025-06-30,INV-202506-002093,2817.68,APPROVED,Travel and accommodation
ERP,ERP-002094,LEGAL-01,V016,2025-06-01,2025-06-15,INV-202506-002094,19128.14,APPROVED,Recruitment services
ERP,ERP-002095,LEGAL-01,V005,2025-06-01,2025-06-01,INV-202506-002095,11870.68,APPROVED,Office and facility services
ERP,ERP-002096,LEGAL-01,V008,2025-06-01,2025-06-14,INV-202506-002096,7930.37,APPROVED,Marketing campaign services
ERP,ERP-002097,LEGAL-01,V013,2025-07-01,2025-07-11,INV-202507-002097,13884.03,REJECTED,Data and research subscription
ERP,ERP-002098,LEGAL-01,V021,2025-07-01,2025-07-09,INV-202507-002098,3887.01,APPROVED,Training and certification
ERP,ERP-002099,LEGAL-01,V019,2025-07-01,2025-07-21,INV-202507-002099,16943.83,APPROVED,Travel and accommodation
ERP,ERP-002100,LEGAL-01,V016,2025-07-01,2025-07-08,INV-202507-002100,1066.79,APPROVED,Training and certification
ERP,ERP-002101,LEGAL-01,V012,2025-07-01,2025-07-31,INV-202507-002101,9234.22,APPROVED,Software subscription
ERP,ERP-002102,LEGAL-01,V022,2025-07-01,2025-07-17,INV-202507-002102,2976.62,APPROVED,Marketing campaign services
ERP,ERP-002103,LEGAL-01,V019,2025-07-01,2025-07-03,INV-202507-002103,11660.86,APPROVED,Training and certification
ERP,ERP-002104,LEGAL-01,V007,2025-07-01,2025-07-10,INV-202507-002104,16487.69,PENDING,Professional services
ERP,ERP-002105,LEGAL-01,V009,2025-07-01,2025-07-29,INV-202507-002105,7082.92,APPROVED,Office and facility services
ERP,ERP-002106,LEGAL-01,V027,2025-07-01,2025-07-29,INV-202507-002106,13030.19,APPROVED,Marketing campaign services
ERP,ERP-002107,LEGAL-01,V002,2025-08-01,2025-08-26,INV-202508-002107,27264.69,APPROVED,Cloud infrastructure usage
ERP,ERP-002108,LEGAL-01,V001,2025-08-01,2025-08-13,INV-202508-002108,9447.22,APPROVED,Cloud infrastructure usage
ERP,ERP-002109,LEGAL-01,V003,2025-08-01,2025-08-02,INV-202508-002109,4880.85,APPROVED,Recruitment services
ERP,ERP-002110,LEGAL-01,V007,2025-08-01,2025-08-08,INV-202508-002110,2844.98,APPROVED,Software subscription
ERP,ERP-002111,LEGAL-01,V029,2025-08-01,2025-08-15,INV-202508-002111,12859.05,APPROVED,Travel and accommodation
ERP,ERP-002112,LEGAL-01,V022,2025-08-01,2025-08-27,INV-202508-002112,26914.04,PENDING,Marketing campaign services
ERP,ERP-002113,LEGAL-01,V026,2025-09-01,2025-09-10,INV-202509-002113,9471.82,APPROVED,Recruitment services
ERP,ERP-002114,LEGAL-01,V010,2025-09-01,2025-09-22,INV-202509-002114,33935.19,APPROVED,Marketing campaign services
ERP,ERP-002115,LEGAL-01,V027,2025-09-01,2025-09-24,INV-202509-002115,21256.57,APPROVED,Marketing campaign services
ERP,ERP-002116,LEGAL-01,V021,2025-09-01,2025-09-09,INV-202509-002116,7262.62,PENDING,Recruitment services
ERP,ERP-002117,LEGAL-01,V004,2025-09-01,2025-09-07,INV-202509-002117,11743.26,APPROVED,Recruitment services
ERP,ERP-002118,LEGAL-01,V009,2025-09-01,2025-09-29,INV-202509-002118,7832.13,APPROVED,Marketing campaign services
ERP,ERP-002119,LEGAL-01,V006,2025-09-01,2025-09-04,INV-202509-002119,11510.31,PENDING,Data and research subscription
ERP,ERP-002120,LEGAL-01,V021,2025-09-01,2025-09-07,INV-202509-002120,8779.83,APPROVED,Cloud infrastructure usage
ERP,ERP-002121,LEGAL-01,V016,2025-10-01,2025-10-07,INV-202510-002121,17374.22,APPROVED,Software subscription
ERP,ERP-002122,LEGAL-01,V001,2025-10-01,2025-10-15,INV-202510-002122,21444.96,PENDING,Software subscription
ERP,ERP-002123,LEGAL-01,V001,2025-10-01,2025-10-09,INV-202510-002123,12020.46,APPROVED,Professional services
ERP,ERP-002124,LEGAL-01,V006,2025-10-01,2025-10-07,INV-202510-002124,11684.62,APPROVED,Training and certification
ERP,ERP-002125,LEGAL-01,V003,2025-10-01,2025-10-22,INV-202510-002125,14546.97,APPROVED,Recruitment services
ERP,ERP-002126,LEGAL-01,V018,2025-10-01,2025-10-27,INV-202510-002126,8481.69,APPROVED,Training and certification
ERP,ERP-002127,LEGAL-01,V002,2025-11-01,2025-11-19,INV-202511-002127,9239.75,PENDING,Data and research subscription
ERP,ERP-002128,LEGAL-01,V020,2025-11-01,2025-11-24,INV-202511-002128,17538.12,PENDING,Software subscription
ERP,ERP-002129,LEGAL-01,V024,2025-11-01,2025-11-28,INV-202511-002129,19327.99,APPROVED,Marketing campaign services
ERP,ERP-002130,LEGAL-01,V020,2025-11-01,2025-11-26,INV-202511-002130,16033.03,APPROVED,Security assessment
ERP,ERP-002131,LEGAL-01,V008,2025-11-01,2025-11-12,INV-202511-002131,9969.67,APPROVED,Software subscription
ERP,ERP-002132,LEGAL-01,V004,2025-11-01,2025-11-17,INV-202511-002132,784.09,APPROVED,Recruitment services
ERP,ERP-002133,LEGAL-01,V013,2025-11-01,2025-11-18,INV-202511-002133,1532.03,APPROVED,Professional services
ERP,ERP-002134,LEGAL-01,V023,2025-11-01,2025-11-06,INV-202511-002134,4777.08,APPROVED,Professional services
ERP,ERP-002135,LEGAL-01,V017,2025-11-01,2025-11-13,INV-202511-002135,3782.45,APPROVED,Professional services
ERP,ERP-002136,LEGAL-01,V010,2025-11-01,2025-11-16,INV-202511-002136,500.00,APPROVED,Professional services
ERP,ERP-002137,LEGAL-01,V005,2025-11-01,2025-11-29,INV-202511-002137,5147.51,APPROVED,Cloud infrastructure usage
ERP,ERP-002138,LEGAL-01,V028,2025-12-01,2025-12-21,INV-202512-002138,37530.51,PENDING,Recruitment services
ERP,ERP-002139,LEGAL-01,V023,2025-12-01,2025-12-18,INV-202512-002139,17386.31,APPROVED,Training and certification
ERP,ERP-002140,LEGAL-01,V021,2025-12-01,2025-12-10,INV-202512-002140,23477.65,APPROVED,Professional services
ERP,ERP-002141,LEGAL-01,V021,2025-12-01,2025-12-12,INV-202512-002141,17109.58,APPROVED,Recruitment services
ERP,ERP-002142,LEGAL-01,V005,2025-12-01,2025-12-01,INV-202512-002142,11073.72,APPROVED,Recruitment services
ERP,ERP-002143,LEGAL-02,V006,2025-01-01,2025-01-02,INV-202501-002143,767.72,APPROVED,Travel and accommodation
ERP,ERP-002144,LEGAL-02,V017,2025-01-01,2025-01-31,INV-202501-002144,11523.48,APPROVED,Data and research subscription
ERP,ERP-002145,LEGAL-02,V020,2025-01-01,2025-01-07,INV-202501-002145,14689.80,PENDING,Marketing campaign services
ERP,ERP-002146,LEGAL-02,V012,2025-01-01,2025-01-12,INV-202501-002146,12423.77,APPROVED,Software subscription
ERP,ERP-002147,LEGAL-02,V029,2025-01-01,2025-01-31,INV-202501-002147,16563.25,APPROVED,Security assessment
ERP,ERP-002148,LEGAL-02,V003,2025-01-01,2025-01-04,INV-202501-002148,1804.62,REJECTED,Software subscription
ERP,ERP-002149,LEGAL-02,V022,2025-01-01,2025-01-07,INV-202501-002149,7771.73,APPROVED,Security assessment
ERP,ERP-002150,LEGAL-02,V019,2025-01-01,2025-01-29,INV-202501-002150,4747.05,APPROVED,Security assessment
ERP,ERP-002151,LEGAL-02,V001,2025-01-01,2025-01-13,INV-202501-002151,6021.67,APPROVED,Marketing campaign services
ERP,ERP-002152,LEGAL-02,V002,2025-01-01,2025-01-30,INV-202501-002152,4941.29,APPROVED,Security assessment
ERP,ERP-002153,LEGAL-02,V009,2025-02-01,2025-02-16,INV-202502-002153,21141.09,APPROVED,Security assessment
ERP,ERP-002154,LEGAL-02,V004,2025-02-01,2025-02-26,INV-202502-002154,6362.11,PENDING,Office and facility services
ERP,ERP-002155,LEGAL-02,V004,2025-02-01,2025-02-01,INV-202502-002155,5814.93,APPROVED,Data and research subscription
ERP,ERP-002156,LEGAL-02,V018,2025-02-01,2025-02-17,INV-202502-002156,10071.42,APPROVED,Recruitment services
ERP,ERP-002157,LEGAL-02,V013,2025-02-01,2025-02-08,INV-202502-002157,23854.01,PENDING,Software subscription
ERP,ERP-002158,LEGAL-02,V011,2025-03-01,2025-03-05,INV-202503-002158,23247.10,APPROVED,Cloud infrastructure usage
ERP,ERP-002159,LEGAL-02,V025,2025-03-01,2025-03-01,INV-202503-002159,4755.85,APPROVED,Software subscription
ERP,ERP-002160,LEGAL-02,V025,2025-03-01,2025-03-02,INV-202503-002160,4420.36,APPROVED,Training and certification
ERP,ERP-002161,LEGAL-02,V010,2025-03-01,2025-03-06,INV-202503-002161,31940.25,APPROVED,Training and certification
ERP,ERP-002162,LEGAL-02,V020,2025-03-01,2025-03-20,INV-202503-002162,22163.85,PENDING,Training and certification
ERP,ERP-002163,LEGAL-02,V028,2025-04-01,2025-04-03,INV-202504-002163,4940.31,APPROVED,Office and facility services
ERP,ERP-002164,LEGAL-02,V005,2025-04-01,2025-04-06,INV-202504-002164,1199.59,APPROVED,Security assessment
ERP,ERP-002165,LEGAL-02,V021,2025-04-01,2025-04-10,INV-202504-002165,17689.78,APPROVED,Professional services
ERP,ERP-002166,LEGAL-02,V009,2025-04-01,2025-04-02,INV-202504-002166,7490.17,APPROVED,Professional services
ERP,ERP-002167,LEGAL-02,V024,2025-04-01,2025-04-11,INV-202504-002167,7793.40,APPROVED,Training and certification
ERP,ERP-002168,LEGAL-02,V004,2025-04-01,2025-04-18,INV-202504-002168,4457.10,APPROVED,Travel and accommodation
ERP,ERP-002169,LEGAL-02,V021,2025-04-01,2025-04-05,INV-202504-002169,13017.59,APPROVED,Security assessment
ERP,ERP-002170,LEGAL-02,V017,2025-04-01,2025-04-17,INV-202504-002170,3093.59,APPROVED,Training and certification
ERP,ERP-002171,LEGAL-02,V001,2025-04-01,2025-04-02,INV-202504-002171,9308.26,APPROVED,Marketing campaign services
ERP,ERP-002172,LEGAL-02,V026,2025-05-01,2025-05-10,INV-202505-002172,30752.08,APPROVED,Travel and accommodation
ERP,ERP-002173,LEGAL-02,V010,2025-05-01,2025-05-26,INV-202505-002173,1330.95,APPROVED,Professional services
ERP,ERP-002174,LEGAL-02,V001,2025-05-01,2025-05-18,INV-202505-002174,15013.62,APPROVED,Cloud infrastructure usage
ERP,ERP-002175,LEGAL-02,V006,2025-05-01,2025-05-03,INV-202505-002175,9818.32,APPROVED,Marketing campaign services
ERP,ERP-002176,LEGAL-02,V028,2025-05-01,2025-05-29,INV-202505-002176,6695.54,APPROVED,Cloud infrastructure usage
ERP,ERP-002177,LEGAL-02,V014,2025-06-01,2025-06-30,INV-202506-002177,1924.09,APPROVED,Security assessment
ERP,ERP-002178,LEGAL-02,V027,2025-06-01,2025-06-04,INV-202506-002178,5344.64,APPROVED,Security assessment
ERP,ERP-002179,LEGAL-02,V019,2025-06-01,2025-06-26,INV-202506-002179,2960.13,APPROVED,Travel and accommodation
ERP,ERP-002180,LEGAL-02,V015,2025-06-01,2025-06-20,INV-202506-002180,6631.95,APPROVED,Training and certification
ERP,ERP-002181,LEGAL-02,V007,2025-06-01,2025-06-06,INV-202506-002181,33576.13,APPROVED,Training and certification
ERP,ERP-002182,LEGAL-02,V019,2025-06-01,2025-06-05,INV-202506-002182,8184.78,APPROVED,Software subscription
ERP,ERP-002183,LEGAL-02,V016,2025-06-01,2025-06-22,INV-202506-002183,6609.44,REJECTED,Recruitment services
ERP,ERP-002184,LEGAL-02,V021,2025-06-01,2025-06-16,INV-202506-002184,16732.47,APPROVED,Software subscription
ERP,ERP-002185,LEGAL-02,V011,2025-06-01,2025-06-04,INV-202506-002185,2096.40,APPROVED,Software subscription
ERP,ERP-002186,LEGAL-02,V028,2025-06-01,2025-06-11,INV-202506-002186,2600.92,PENDING,Software subscription
ERP,ERP-002187,LEGAL-02,V006,2025-06-01,2025-06-04,INV-202506-002187,14350.99,APPROVED,Office and facility services
ERP,ERP-002188,LEGAL-02,V029,2025-07-01,2025-07-29,INV-202507-002188,1571.70,APPROVED,Professional services
ERP,ERP-002189,LEGAL-02,V012,2025-07-01,2025-07-03,INV-202507-002189,17143.28,APPROVED,Security assessment
ERP,ERP-002190,LEGAL-02,V013,2025-07-01,2025-07-05,INV-202507-002190,5758.95,APPROVED,Office and facility services
ERP,ERP-002191,LEGAL-02,V003,2025-07-01,2025-07-24,INV-202507-002191,4031.90,PENDING,Office and facility services
ERP,ERP-002192,LEGAL-02,V012,2025-07-01,2025-07-01,INV-202507-002192,17450.13,APPROVED,Marketing campaign services
ERP,ERP-002193,LEGAL-02,V005,2025-07-01,2025-07-08,INV-202507-002193,29579.17,PENDING,Security assessment
ERP,ERP-002194,LEGAL-02,V023,2025-07-01,2025-07-30,INV-202507-002194,1954.75,APPROVED,Travel and accommodation
ERP,ERP-002195,LEGAL-02,V003,2025-08-01,2025-08-30,INV-202508-002195,1417.75,APPROVED,Marketing campaign services
ERP,ERP-002196,LEGAL-02,V013,2025-08-01,2025-08-30,INV-202508-002196,16236.98,APPROVED,Marketing campaign services
ERP,ERP-002197,LEGAL-02,V021,2025-08-01,2025-08-20,INV-202508-002197,11755.66,APPROVED,Recruitment services
ERP,ERP-002198,LEGAL-02,V005,2025-08-01,2025-08-04,INV-202508-002198,6428.63,APPROVED,Professional services
ERP,ERP-002199,LEGAL-02,V029,2025-08-01,2025-08-22,INV-202508-002199,3962.18,APPROVED,Office and facility services
ERP,ERP-002200,LEGAL-02,V024,2025-08-01,2025-08-07,INV-202508-002200,7921.14,APPROVED,Software subscription
ERP,ERP-002201,LEGAL-02,V026,2025-08-01,2025-08-10,INV-202508-002201,18318.87,APPROVED,Security assessment
ERP,ERP-002202,LEGAL-02,V021,2025-09-01,2025-09-08,INV-202509-002202,3156.56,APPROVED,Security assessment
ERP,ERP-002203,LEGAL-02,V010,2025-09-01,2025-09-04,INV-202509-002203,13893.58,PENDING,Security assessment
ERP,ERP-002204,LEGAL-02,V023,2025-09-01,2025-09-14,INV-202509-002204,39938.28,PENDING,Data and research subscription
ERP,ERP-002205,LEGAL-02,V015,2025-09-01,2025-09-08,INV-202509-002205,29153.41,APPROVED,Software subscription
ERP,ERP-002206,LEGAL-02,V021,2025-09-01,2025-09-30,INV-202509-002206,1560.10,APPROVED,Data and research subscription
ERP,ERP-002207,LEGAL-02,V009,2025-09-01,2025-09-16,INV-202509-002207,11057.68,APPROVED,Recruitment services
ERP,ERP-002208,LEGAL-02,V002,2025-10-01,2025-10-19,INV-202510-002208,20773.23,PENDING,Security assessment
ERP,ERP-002209,LEGAL-02,V028,2025-10-01,2025-10-15,INV-202510-002209,10341.16,PENDING,Marketing campaign services
ERP,ERP-002210,LEGAL-02,V008,2025-10-01,2025-10-27,INV-202510-002210,22511.14,REJECTED,Security assessment
ERP,ERP-002211,LEGAL-02,V025,2025-10-01,2025-10-24,INV-202510-002211,2423.61,APPROVED,Cloud infrastructure usage
ERP,ERP-002212,LEGAL-02,V007,2025-10-01,2025-10-05,INV-202510-002212,3186.65,PENDING,Data and research subscription
ERP,ERP-002213,LEGAL-02,V014,2025-10-01,2025-10-28,INV-202510-002213,1109.38,APPROVED,Training and certification
ERP,ERP-002214,LEGAL-02,V013,2025-10-01,2025-10-03,INV-202510-002214,30852.19,REJECTED,Training and certification
ERP,ERP-002215,LEGAL-02,V016,2025-11-01,2025-11-02,INV-202511-002215,22840.00,APPROVED,Recruitment services
ERP,ERP-002216,LEGAL-02,V022,2025-11-01,2025-11-22,INV-202511-002216,780.79,APPROVED,Marketing campaign services
ERP,ERP-002217,LEGAL-02,V017,2025-11-01,2025-11-16,INV-202511-002217,20211.79,APPROVED,Professional services
ERP,ERP-002218,LEGAL-02,V028,2025-11-01,2025-11-07,INV-202511-002218,5441.94,APPROVED,Professional services
ERP,ERP-002219,LEGAL-02,V011,2025-11-01,2025-11-25,INV-202511-002219,20432.71,APPROVED,Training and certification
ERP,ERP-002220,LEGAL-02,V006,2025-11-01,2025-11-29,INV-202511-002220,845.58,APPROVED,Training and certification
ERP,ERP-002221,LEGAL-02,V022,2025-11-01,2025-11-24,INV-202511-002221,6977.21,APPROVED,Travel and accommodation
ERP,ERP-002222,LEGAL-02,V011,2025-12-01,2025-12-03,INV-202512-002222,7484.63,APPROVED,Cloud infrastructure usage
ERP,ERP-002223,LEGAL-02,V025,2025-12-01,2025-12-03,INV-202512-002223,3840.09,APPROVED,Professional services
ERP,ERP-002224,LEGAL-02,V015,2025-12-01,2025-12-08,INV-202512-002224,1337.14,APPROVED,Security assessment
ERP,ERP-002225,LEGAL-02,V029,2025-12-01,2025-12-18,INV-202512-002225,4861.33,APPROVED,Marketing campaign services
ERP,ERP-002226,LEGAL-02,V022,2025-12-01,2025-12-08,INV-202512-002226,7894.66,PENDING,Data and research subscription
ERP,ERP-002227,LEGAL-02,V029,2025-12-01,2025-12-29,INV-202512-002227,500.00,APPROVED,Software subscription
ERP,ERP-002228,LEGAL-02,V016,2025-12-01,2025-12-30,INV-202512-002228,22185.56,PENDING,Office and facility services
ERP,ERP-002229,LEGAL-02,V011,2025-12-01,2025-12-01,INV-202512-002229,4118.86,APPROVED,Data and research subscription
ERP,ERP-002230,LEGAL-02,V004,2025-12-01,2025-12-15,INV-202512-002230,1100.02,APPROVED,Recruitment services
ERP,ERP-002231,LEGAL-02,V027,2025-12-01,2025-12-05,INV-202512-002231,57909.23,REJECTED,Cloud infrastructure usage
ERP,ERP-002232,LEGAL-03,V025,2025-01-01,2025-01-22,INV-202501-002232,4039.18,APPROVED,Recruitment services
ERP,ERP-002233,LEGAL-03,V009,2025-01-01,2025-01-13,INV-202501-002233,4192.55,PENDING,Cloud infrastructure usage
ERP,ERP-002234,LEGAL-03,V003,2025-01-01,2025-01-28,INV-202501-002234,1060.42,APPROVED,Office and facility services
ERP,ERP-002235,LEGAL-03,V007,2025-01-01,2025-01-28,INV-202501-002235,9281.15,APPROVED,Cloud infrastructure usage
ERP,ERP-002236,LEGAL-03,V004,2025-01-01,2025-01-20,INV-202501-002236,18050.24,REJECTED,Marketing campaign services
ERP,ERP-002237,LEGAL-03,V021,2025-01-01,2025-01-09,INV-202501-002237,4196.31,APPROVED,Cloud infrastructure usage
ERP,ERP-002238,LEGAL-03,V010,2025-01-01,2025-01-12,INV-202501-002238,3514.43,APPROVED,Marketing campaign services
ERP,ERP-002239,LEGAL-03,V002,2025-01-01,2025-01-01,INV-202501-002239,8063.17,APPROVED,Recruitment services
ERP,ERP-002240,LEGAL-03,V007,2025-02-01,2025-02-15,INV-202502-002240,3179.49,APPROVED,Office and facility services
ERP,ERP-002241,LEGAL-03,V005,2025-02-01,2025-02-03,INV-202502-002241,26261.10,PENDING,Software subscription
ERP,ERP-002242,LEGAL-03,V025,2025-02-01,2025-02-18,INV-202502-002242,847.89,APPROVED,Travel and accommodation
ERP,ERP-002243,LEGAL-03,V022,2025-02-01,2025-02-22,INV-202502-002243,500.00,APPROVED,Training and certification
ERP,ERP-002244,LEGAL-03,V017,2025-02-01,2025-02-16,INV-202502-002244,2536.38,APPROVED,Software subscription
ERP,ERP-002245,LEGAL-03,V010,2025-02-01,2025-02-19,INV-202502-002245,5342.12,APPROVED,Data and research subscription
ERP,ERP-002246,LEGAL-03,V003,2025-02-01,2025-02-16,INV-202502-002246,2741.83,APPROVED,Cloud infrastructure usage
ERP,ERP-002247,LEGAL-03,V005,2025-02-01,2025-02-04,INV-202502-002247,17639.46,APPROVED,Travel and accommodation
ERP,ERP-002248,LEGAL-03,V012,2025-02-01,2025-02-28,INV-202502-002248,4982.37,APPROVED,Recruitment services
ERP,ERP-002249,LEGAL-03,V028,2025-03-01,2025-03-21,INV-202503-002249,9974.27,APPROVED,Training and certification
ERP,ERP-002250,LEGAL-03,V030,2025-03-01,2025-03-30,INV-202503-002250,5105.56,PENDING,Professional services
ERP,ERP-002251,LEGAL-03,V016,2025-03-01,2025-03-25,INV-202503-002251,6434.01,APPROVED,Software subscription
ERP,ERP-002252,LEGAL-03,V012,2025-03-01,2025-03-19,INV-202503-002252,6042.72,APPROVED,Software subscription
ERP,ERP-002253,LEGAL-03,V017,2025-03-01,2025-03-12,INV-202503-002253,7309.37,APPROVED,Data and research subscription
ERP,ERP-002254,LEGAL-03,V026,2025-03-01,2025-03-23,INV-202503-002254,14001.50,APPROVED,Security assessment
ERP,ERP-002255,LEGAL-03,V026,2025-03-01,2025-03-12,INV-202503-002255,6346.14,APPROVED,Data and research subscription
ERP,ERP-002256,LEGAL-03,V026,2025-03-01,2025-03-04,INV-202503-002256,2249.69,APPROVED,Security assessment
ERP,ERP-002257,LEGAL-03,V027,2025-03-01,2025-03-02,INV-202503-002257,17225.54,PENDING,Marketing campaign services
ERP,ERP-002258,LEGAL-03,V012,2025-03-01,2025-03-07,INV-202503-002258,4654.00,APPROVED,Marketing campaign services
ERP,ERP-002259,LEGAL-03,V020,2025-04-01,2025-04-09,INV-202504-002259,1266.78,PENDING,Office and facility services
ERP,ERP-002260,LEGAL-03,V008,2025-04-01,2025-04-03,INV-202504-002260,3988.15,APPROVED,Travel and accommodation
ERP,ERP-002261,LEGAL-03,V026,2025-04-01,2025-04-25,INV-202504-002261,1405.36,APPROVED,Cloud infrastructure usage
ERP,ERP-002262,LEGAL-03,V004,2025-04-01,2025-04-13,INV-202504-002262,1272.08,APPROVED,Training and certification
ERP,ERP-002263,LEGAL-03,V024,2025-04-01,2025-04-25,INV-202504-002263,982.97,PENDING,Data and research subscription
ERP,ERP-002264,LEGAL-03,V021,2025-04-01,2025-04-26,INV-202504-002264,19070.36,APPROVED,Cloud infrastructure usage
ERP,ERP-002265,LEGAL-03,V024,2025-04-01,2025-04-01,INV-202504-002265,12168.94,APPROVED,Data and research subscription
ERP,ERP-002266,LEGAL-03,V029,2025-04-01,2025-04-24,INV-202504-002266,11090.08,APPROVED,Travel and accommodation
ERP,ERP-002267,LEGAL-03,V019,2025-05-01,2025-05-26,INV-202505-002267,6579.05,PENDING,Recruitment services
ERP,ERP-002268,LEGAL-03,V017,2025-05-01,2025-05-12,INV-202505-002268,15689.65,PENDING,Recruitment services
ERP,ERP-002269,LEGAL-03,V006,2025-05-01,2025-05-22,INV-202505-002269,7379.72,APPROVED,Cloud infrastructure usage
ERP,ERP-002270,LEGAL-03,V023,2025-05-01,2025-05-19,INV-202505-002270,2629.85,APPROVED,Cloud infrastructure usage
ERP,ERP-002271,LEGAL-03,V001,2025-05-01,2025-05-06,INV-202505-002271,3665.54,APPROVED,Cloud infrastructure usage
ERP,ERP-002272,LEGAL-03,V021,2025-05-01,2025-05-30,INV-202505-002272,11506.26,PENDING,Office and facility services
ERP,ERP-002273,LEGAL-03,V008,2025-05-01,2025-05-26,INV-202505-002273,13266.46,APPROVED,Software subscription
ERP,ERP-002274,LEGAL-03,V023,2025-05-01,2025-05-09,INV-202505-002274,500.00,APPROVED,Training and certification
ERP,ERP-002275,LEGAL-03,V024,2025-05-01,2025-05-12,INV-202505-002275,8193.96,APPROVED,Cloud infrastructure usage
ERP,ERP-002276,LEGAL-03,V003,2025-05-01,2025-05-31,INV-202505-002276,2970.45,APPROVED,Security assessment
ERP,ERP-002277,LEGAL-03,V025,2025-06-01,2025-06-04,INV-202506-002277,13546.39,PENDING,Security assessment
ERP,ERP-002278,LEGAL-03,V008,2025-06-01,2025-06-28,INV-202506-002278,32223.88,PENDING,Cloud infrastructure usage
ERP,ERP-002279,LEGAL-03,V030,2025-06-01,2025-06-09,INV-202506-002279,1598.53,APPROVED,Cloud infrastructure usage
ERP,ERP-002280,LEGAL-03,V015,2025-06-01,2025-06-28,INV-202506-002280,11724.82,APPROVED,Software subscription
ERP,ERP-002281,LEGAL-03,V019,2025-06-01,2025-06-19,INV-202506-002281,3074.79,APPROVED,Professional services
ERP,ERP-002282,LEGAL-03,V022,2025-06-01,2025-06-07,INV-202506-002282,7959.55,PENDING,Cloud infrastructure usage
ERP,ERP-002283,LEGAL-03,V027,2025-06-01,2025-06-01,INV-202506-002283,1861.52,APPROVED,Data and research subscription
ERP,ERP-002284,LEGAL-03,V015,2025-06-01,2025-06-14,INV-202506-002284,10901.58,APPROVED,Marketing campaign services
ERP,ERP-002285,LEGAL-03,V003,2025-07-01,2025-07-20,INV-202507-002285,10129.89,APPROVED,Travel and accommodation
ERP,ERP-002286,LEGAL-03,V001,2025-07-01,2025-07-19,INV-202507-002286,1463.55,APPROVED,Professional services
ERP,ERP-002287,LEGAL-03,V010,2025-07-01,2025-07-31,INV-202507-002287,14845.21,APPROVED,Software subscription
ERP,ERP-002288,LEGAL-03,V028,2025-07-01,2025-07-27,INV-202507-002288,2874.21,APPROVED,Data and research subscription
ERP,ERP-002289,LEGAL-03,V005,2025-07-01,2025-07-31,INV-202507-002289,16745.65,APPROVED,Office and facility services
ERP,ERP-002290,LEGAL-03,V029,2025-07-01,2025-07-12,INV-202507-002290,1684.54,APPROVED,Security assessment
ERP,ERP-002291,LEGAL-03,V021,2025-07-01,2025-07-31,INV-202507-002291,14576.99,REJECTED,Data and research subscription
ERP,ERP-002292,LEGAL-03,V019,2025-07-01,2025-07-07,INV-202507-002292,3850.05,APPROVED,Software subscription
ERP,ERP-002293,LEGAL-03,V001,2025-07-01,2025-07-12,INV-202507-002293,500.00,APPROVED,Office and facility services
ERP,ERP-002294,LEGAL-03,V025,2025-08-01,2025-08-14,INV-202508-002294,27448.80,APPROVED,Marketing campaign services
ERP,ERP-002295,LEGAL-03,V020,2025-08-01,2025-08-14,INV-202508-002295,500.00,APPROVED,Marketing campaign services
ERP,ERP-002296,LEGAL-03,V028,2025-08-01,2025-08-29,INV-202508-002296,8503.75,APPROVED,Marketing campaign services
ERP,ERP-002297,LEGAL-03,V012,2025-08-01,2025-08-11,INV-202508-002297,14375.25,APPROVED,Professional services
ERP,ERP-002298,LEGAL-03,V004,2025-08-01,2025-08-18,INV-202508-002298,15020.05,APPROVED,Office and facility services
ERP,ERP-002299,LEGAL-03,V013,2025-09-01,2025-09-28,INV-202509-002299,6671.77,APPROVED,Recruitment services
ERP,ERP-002300,LEGAL-03,V003,2025-09-01,2025-09-07,INV-202509-002300,12098.72,APPROVED,Data and research subscription
ERP,ERP-002301,LEGAL-03,V030,2025-09-01,2025-09-13,INV-202509-002301,13491.18,APPROVED,Professional services
ERP,ERP-002302,LEGAL-03,V024,2025-09-01,2025-09-27,INV-202509-002302,10304.04,PENDING,Professional services
ERP,ERP-002303,LEGAL-03,V012,2025-09-01,2025-09-28,INV-202509-002303,6396.15,REJECTED,Marketing campaign services
ERP,ERP-002304,LEGAL-03,V028,2025-09-01,2025-09-22,INV-202509-002304,5607.04,APPROVED,Office and facility services
ERP,ERP-002305,LEGAL-03,V016,2025-09-01,2025-09-28,INV-202509-002305,11031.40,APPROVED,Security assessment
ERP,ERP-002306,LEGAL-03,V019,2025-09-01,2025-09-12,INV-202509-002306,13064.88,APPROVED,Recruitment services
ERP,ERP-002307,LEGAL-03,V018,2025-09-01,2025-09-20,INV-202509-002307,3397.14,APPROVED,Software subscription
ERP,ERP-002308,LEGAL-03,V026,2025-09-01,2025-09-06,INV-202509-002308,16120.41,PENDING,Cloud infrastructure usage
ERP,ERP-002309,LEGAL-03,V009,2025-10-01,2025-10-17,INV-202510-002309,16006.21,APPROVED,Training and certification
ERP,ERP-002310,LEGAL-03,V010,2025-10-01,2025-10-06,INV-202510-002310,11935.22,PENDING,Data and research subscription
ERP,ERP-002311,LEGAL-03,V023,2025-10-01,2025-10-06,INV-202510-002311,2311.81,APPROVED,Software subscription
ERP,ERP-002312,LEGAL-03,V022,2025-10-01,2025-10-28,INV-202510-002312,7642.42,APPROVED,Marketing campaign services
ERP,ERP-002313,LEGAL-03,V028,2025-10-01,2025-10-08,INV-202510-002313,1522.94,APPROVED,Cloud infrastructure usage
ERP,ERP-002314,LEGAL-03,V020,2025-10-01,2025-10-23,INV-202510-002314,11288.27,APPROVED,Software subscription
ERP,ERP-002315,LEGAL-03,V004,2025-10-01,2025-10-31,INV-202510-002315,18132.60,PENDING,Professional services
ERP,ERP-002316,LEGAL-03,V026,2025-11-01,2025-11-23,INV-202511-002316,2608.00,PENDING,Training and certification
ERP,ERP-002317,LEGAL-03,V020,2025-11-01,2025-11-09,INV-202511-002317,1606.70,PENDING,Security assessment
ERP,ERP-002318,LEGAL-03,V013,2025-11-01,2025-11-24,INV-202511-002318,17229.74,PENDING,Recruitment services
ERP,ERP-002319,LEGAL-03,V009,2025-11-01,2025-11-03,INV-202511-002319,677.15,APPROVED,Travel and accommodation
ERP,ERP-002320,LEGAL-03,V013,2025-11-01,2025-11-21,INV-202511-002320,12469.78,APPROVED,Marketing campaign services
ERP,ERP-002321,LEGAL-03,V020,2025-11-01,2025-11-03,INV-202511-002321,5691.96,APPROVED,Office and facility services
ERP,ERP-002322,LEGAL-03,V002,2025-11-01,2025-11-22,INV-202511-002322,5183.91,PENDING,Office and facility services
ERP,ERP-002323,LEGAL-03,V001,2025-11-01,2025-11-17,INV-202511-002323,11038.54,APPROVED,Recruitment services
ERP,ERP-002324,LEGAL-03,V023,2025-11-01,2025-11-23,INV-202511-002324,1904.15,APPROVED,Professional services
ERP,ERP-002325,LEGAL-03,V021,2025-11-01,2025-11-28,INV-202511-002325,1402.24,APPROVED,Software subscription
ERP,ERP-002326,LEGAL-03,V004,2025-12-01,2025-12-22,INV-202512-002326,14824.14,APPROVED,Training and certification
ERP,ERP-002327,LEGAL-03,V020,2025-12-01,2025-12-11,INV-202512-002327,19866.28,REJECTED,Professional services
ERP,ERP-002328,LEGAL-03,V015,2025-12-01,2025-12-13,INV-202512-002328,19334.51,APPROVED,Security assessment
ERP,ERP-002329,LEGAL-03,V017,2025-12-01,2025-12-26,INV-202512-002329,3715.93,APPROVED,Professional services
ERP,ERP-002330,LEGAL-03,V016,2025-12-01,2025-12-25,INV-202512-002330,12309.00,PENDING,Cloud infrastructure usage
